shard_id,adduct,candidate_start,candidate_limit,candidate_count,status,completed_candidates,cached_candidates,failed_candidates,selected_candidates,audit_file,command
447,[M+H]+,44700,100,100,not_started,0,0,0,100,,python3 scripts/run_cfmid_precomputed_candidate_shard.py --outdir /home/zhome/ec_structure/github_export/FragAnnotor/results/casmi2022_cfmid_native_precomputed_full_v1 --adduct '[M+H]+' --candidate-start 44700 --candidate-limit 100 --resume
455,[M+H]+,45500,100,100,not_started,0,0,0,100,,python3 scripts/run_cfmid_precomputed_candidate_shard.py --outdir /home/zhome/ec_structure/github_export/FragAnnotor/results/casmi2022_cfmid_native_precomputed_full_v1 --adduct '[M+H]+' --candidate-start 45500 --candidate-limit 100 --resume
456,[M+H]+,45600,100,100,not_started,0,0,0,100,,python3 scripts/run_cfmid_precomputed_candidate_shard.py --outdir /home/zhome/ec_structure/github_export/FragAnnotor/results/casmi2022_cfmid_native_precomputed_full_v1 --adduct '[M+H]+' --candidate-start 45600 --candidate-limit 100 --resume
457,[M+H]+,45700,100,100,not_started,0,0,0,100,,python3 scripts/run_cfmid_precomputed_candidate_shard.py --outdir /home/zhome/ec_structure/github_export/FragAnnotor/results/casmi2022_cfmid_native_precomputed_full_v1 --adduct '[M+H]+' --candidate-start 45700 --candidate-limit 100 --resume
458,[M+H]+,45800,100,100,not_started,0,0,0,100,,python3 scripts/run_cfmid_precomputed_candidate_shard.py --outdir /home/zhome/ec_structure/github_export/FragAnnotor/results/casmi2022_cfmid_native_precomputed_full_v1 --adduct '[M+H]+' --candidate-start 45800 --candidate-limit 100 --resume
459,[M+H]+,45900,100,100,not_started,0,0,0,100,,python3 scripts/run_cfmid_precomputed_candidate_shard.py --outdir /home/zhome/ec_structure/github_export/FragAnnotor/results/casmi2022_cfmid_native_precomputed_full_v1 --adduct '[M+H]+' --candidate-start 45900 --candidate-limit 100 --resume
460,[M+H]+,46000,100,100,not_started,0,0,0,100,,python3 scripts/run_cfmid_precomputed_candidate_shard.py --outdir /home/zhome/ec_structure/github_export/FragAnnotor/results/casmi2022_cfmid_native_precomputed_full_v1 --adduct '[M+H]+' --candidate-start 46000 --candidate-limit 100 --resume
461,[M+H]+,46100,100,100,not_started,0,0,0,100,,python3 scripts/run_cfmid_precomputed_candidate_shard.py --outdir /home/zhome/ec_structure/github_export/FragAnnotor/results/casmi2022_cfmid_native_precomputed_full_v1 --adduct '[M+H]+' --candidate-start 46100 --candidate-limit 100 --resume
462,[M+H]+,46200,100,100,not_started,0,0,0,100,,python3 scripts/run_cfmid_precomputed_candidate_shard.py --outdir /home/zhome/ec_structure/github_export/FragAnnotor/results/casmi2022_cfmid_native_precomputed_full_v1 --adduct '[M+H]+' --candidate-start 46200 --candidate-limit 100 --resume
463,[M+H]+,46300,100,100,not_started,0,0,0,100,,python3 scripts/run_cfmid_precomputed_candidate_shard.py --outdir /home/zhome/ec_structure/github_export/FragAnnotor/results/casmi2022_cfmid_native_precomputed_full_v1 --adduct '[M+H]+' --candidate-start 46300 --candidate-limit 100 --resume
464,[M+H]+,46400,100,100,not_started,0,0,0,100,,python3 scripts/run_cfmid_precomputed_candidate_shard.py --outdir /home/zhome/ec_structure/github_export/FragAnnotor/results/casmi2022_cfmid_native_precomputed_full_v1 --adduct '[M+H]+' --candidate-start 46400 --candidate-limit 100 --resume
465,[M+H]+,46500,100,100,not_started,0,0,0,100,,python3 scripts/run_cfmid_precomputed_candidate_shard.py --outdir /home/zhome/ec_structure/github_export/FragAnnotor/results/casmi2022_cfmid_native_precomputed_full_v1 --adduct '[M+H]+' --candidate-start 46500 --candidate-limit 100 --resume
466,[M+H]+,46600,100,100,not_started,0,0,0,100,,python3 scripts/run_cfmid_precomputed_candidate_shard.py --outdir /home/zhome/ec_structure/github_export/FragAnnotor/results/casmi2022_cfmid_native_precomputed_full_v1 --adduct '[M+H]+' --candidate-start 46600 --candidate-limit 100 --resume
467,[M+H]+,46700,100,100,not_started,0,0,0,100,,python3 scripts/run_cfmid_precomputed_candidate_shard.py --outdir /home/zhome/ec_structure/github_export/FragAnnotor/results/casmi2022_cfmid_native_precomputed_full_v1 --adduct '[M+H]+' --candidate-start 46700 --candidate-limit 100 --resume
468,[M+H]+,46800,100,100,not_started,0,0,0,100,,python3 scripts/run_cfmid_precomputed_candidate_shard.py --outdir /home/zhome/ec_structure/github_export/FragAnnotor/results/casmi2022_cfmid_native_precomputed_full_v1 --adduct '[M+H]+' --candidate-start 46800 --candidate-limit 100 --resume
469,[M+H]+,46900,100,100,not_started,0,0,0,100,,python3 scripts/run_cfmid_precomputed_candidate_shard.py --outdir /home/zhome/ec_structure/github_export/FragAnnotor/results/casmi2022_cfmid_native_precomputed_full_v1 --adduct '[M+H]+' --candidate-start 46900 --candidate-limit 100 --resume
470,[M+H]+,47000,100,100,not_started,0,0,0,100,,python3 scripts/run_cfmid_precomputed_candidate_shard.py --outdir /home/zhome/ec_structure/github_export/FragAnnotor/results/casmi2022_cfmid_native_precomputed_full_v1 --adduct '[M+H]+' --candidate-start 47000 --candidate-limit 100 --resume
471,[M+H]+,47100,100,100,not_started,0,0,0,100,,python3 scripts/run_cfmid_precomputed_candidate_shard.py --outdir /home/zhome/ec_structure/github_export/FragAnnotor/results/casmi2022_cfmid_native_precomputed_full_v1 --adduct '[M+H]+' --candidate-start 47100 --candidate-limit 100 --resume
472,[M+H]+,47200,100,100,not_started,0,0,0,100,,python3 scripts/run_cfmid_precomputed_candidate_shard.py --outdir /home/zhome/ec_structure/github_export/FragAnnotor/results/casmi2022_cfmid_native_precomputed_full_v1 --adduct '[M+H]+' --candidate-start 47200 --candidate-limit 100 --resume
473,[M+H]+,47300,100,100,not_started,0,0,0,100,,python3 scripts/run_cfmid_precomputed_candidate_shard.py --outdir /home/zhome/ec_structure/github_export/FragAnnotor/results/casmi2022_cfmid_native_precomputed_full_v1 --adduct '[M+H]+' --candidate-start 47300 --candidate-limit 100 --resume
474,[M+H]+,47400,100,100,not_started,0,0,0,100,,python3 scripts/run_cfmid_precomputed_candidate_shard.py --outdir /home/zhome/ec_structure/github_export/FragAnnotor/results/casmi2022_cfmid_native_precomputed_full_v1 --adduct '[M+H]+' --candidate-start 47400 --candidate-limit 100 --resume
475,[M+H]+,47500,100,100,not_started,0,0,0,100,,python3 scripts/run_cfmid_precomputed_candidate_shard.py --outdir /home/zhome/ec_structure/github_export/FragAnnotor/results/casmi2022_cfmid_native_precomputed_full_v1 --adduct '[M+H]+' --candidate-start 47500 --candidate-limit 100 --resume
476,[M+H]+,47600,100,100,not_started,0,0,0,100,,python3 scripts/run_cfmid_precomputed_candidate_shard.py --outdir /home/zhome/ec_structure/github_export/FragAnnotor/results/casmi2022_cfmid_native_precomputed_full_v1 --adduct '[M+H]+' --candidate-start 47600 --candidate-limit 100 --resume
477,[M+H]+,47700,100,100,not_started,0,0,0,100,,python3 scripts/run_cfmid_precomputed_candidate_shard.py --outdir /home/zhome/ec_structure/github_export/FragAnnotor/results/casmi2022_cfmid_native_precomputed_full_v1 --adduct '[M+H]+' --candidate-start 47700 --candidate-limit 100 --resume
478,[M+H]+,47800,100,100,not_started,0,0,0,100,,python3 scripts/run_cfmid_precomputed_candidate_shard.py --outdir /home/zhome/ec_structure/github_export/FragAnnotor/results/casmi2022_cfmid_native_precomputed_full_v1 --adduct '[M+H]+' --candidate-start 47800 --candidate-limit 100 --resume
479,[M+H]+,47900,100,100,not_started,0,0,0,100,,python3 scripts/run_cfmid_precomputed_candidate_shard.py --outdir /home/zhome/ec_structure/github_export/FragAnnotor/results/casmi2022_cfmid_native_precomputed_full_v1 --adduct '[M+H]+' --candidate-start 47900 --candidate-limit 100 --resume
480,[M+H]+,48000,100,100,not_started,0,0,0,100,,python3 scripts/run_cfmid_precomputed_candidate_shard.py --outdir /home/zhome/ec_structure/github_export/FragAnnotor/results/casmi2022_cfmid_native_precomputed_full_v1 --adduct '[M+H]+' --candidate-start 48000 --candidate-limit 100 --resume
481,[M+H]+,48100,100,100,not_started,0,0,0,100,,python3 scripts/run_cfmid_precomputed_candidate_shard.py --outdir /home/zhome/ec_structure/github_export/FragAnnotor/results/casmi2022_cfmid_native_precomputed_full_v1 --adduct '[M+H]+' --candidate-start 48100 --candidate-limit 100 --resume
482,[M+H]+,48200,100,100,not_started,0,0,0,100,,python3 scripts/run_cfmid_precomputed_candidate_shard.py --outdir /home/zhome/ec_structure/github_export/FragAnnotor/results/casmi2022_cfmid_native_precomputed_full_v1 --adduct '[M+H]+' --candidate-start 48200 --candidate-limit 100 --resume
483,[M+H]+,48300,100,100,not_started,0,0,0,100,,python3 scripts/run_cfmid_precomputed_candidate_shard.py --outdir /home/zhome/ec_structure/github_export/FragAnnotor/results/casmi2022_cfmid_native_precomputed_full_v1 --adduct '[M+H]+' --candidate-start 48300 --candidate-limit 100 --resume
484,[M+H]+,48400,100,100,not_started,0,0,0,100,,python3 scripts/run_cfmid_precomputed_candidate_shard.py --outdir /home/zhome/ec_structure/github_export/FragAnnotor/results/casmi2022_cfmid_native_precomputed_full_v1 --adduct '[M+H]+' --candidate-start 48400 --candidate-limit 100 --resume
485,[M+H]+,48500,100,100,not_started,0,0,0,100,,python3 scripts/run_cfmid_precomputed_candidate_shard.py --outdir /home/zhome/ec_structure/github_export/FragAnnotor/results/casmi2022_cfmid_native_precomputed_full_v1 --adduct '[M+H]+' --candidate-start 48500 --candidate-limit 100 --resume
486,[M+H]+,48600,100,100,not_started,0,0,0,100,,python3 scripts/run_cfmid_precomputed_candidate_shard.py --outdir /home/zhome/ec_structure/github_export/FragAnnotor/results/casmi2022_cfmid_native_precomputed_full_v1 --adduct '[M+H]+' --candidate-start 48600 --candidate-limit 100 --resume
487,[M+H]+,48700,100,100,not_started,0,0,0,100,,python3 scripts/run_cfmid_precomputed_candidate_shard.py --outdir /home/zhome/ec_structure/github_export/FragAnnotor/results/casmi2022_cfmid_native_precomputed_full_v1 --adduct '[M+H]+' --candidate-start 48700 --candidate-limit 100 --resume
488,[M+H]+,48800,100,100,not_started,0,0,0,100,,python3 scripts/run_cfmid_precomputed_candidate_shard.py --outdir /home/zhome/ec_structure/github_export/FragAnnotor/results/casmi2022_cfmid_native_precomputed_full_v1 --adduct '[M+H]+' --candidate-start 48800 --candidate-limit 100 --resume
489,[M+H]+,48900,100,100,not_started,0,0,0,100,,python3 scripts/run_cfmid_precomputed_candidate_shard.py --outdir /home/zhome/ec_structure/github_export/FragAnnotor/results/casmi2022_cfmid_native_precomputed_full_v1 --adduct '[M+H]+' --candidate-start 48900 --candidate-limit 100 --resume
490,[M+H]+,49000,100,100,not_started,0,0,0,100,,python3 scripts/run_cfmid_precomputed_candidate_shard.py --outdir /home/zhome/ec_structure/github_export/FragAnnotor/results/casmi2022_cfmid_native_precomputed_full_v1 --adduct '[M+H]+' --candidate-start 49000 --candidate-limit 100 --resume
491,[M+H]+,49100,100,100,not_started,0,0,0,100,,python3 scripts/run_cfmid_precomputed_candidate_shard.py --outdir /home/zhome/ec_structure/github_export/FragAnnotor/results/casmi2022_cfmid_native_precomputed_full_v1 --adduct '[M+H]+' --candidate-start 49100 --candidate-limit 100 --resume
492,[M+H]+,49200,100,100,not_started,0,0,0,100,,python3 scripts/run_cfmid_precomputed_candidate_shard.py --outdir /home/zhome/ec_structure/github_export/FragAnnotor/results/casmi2022_cfmid_native_precomputed_full_v1 --adduct '[M+H]+' --candidate-start 49200 --candidate-limit 100 --resume
493,[M+H]+,49300,100,100,not_started,0,0,0,100,,python3 scripts/run_cfmid_precomputed_candidate_shard.py --outdir /home/zhome/ec_structure/github_export/FragAnnotor/results/casmi2022_cfmid_native_precomputed_full_v1 --adduct '[M+H]+' --candidate-start 49300 --candidate-limit 100 --resume
494,[M+H]+,49400,100,100,not_started,0,0,0,100,,python3 scripts/run_cfmid_precomputed_candidate_shard.py --outdir /home/zhome/ec_structure/github_export/FragAnnotor/results/casmi2022_cfmid_native_precomputed_full_v1 --adduct '[M+H]+' --candidate-start 49400 --candidate-limit 100 --resume
495,[M+H]+,49500,100,100,not_started,0,0,0,100,,python3 scripts/run_cfmid_precomputed_candidate_shard.py --outdir /home/zhome/ec_structure/github_export/FragAnnotor/results/casmi2022_cfmid_native_precomputed_full_v1 --adduct '[M+H]+' --candidate-start 49500 --candidate-limit 100 --resume
496,[M+H]+,49600,100,100,not_started,0,0,0,100,,python3 scripts/run_cfmid_precomputed_candidate_shard.py --outdir /home/zhome/ec_structure/github_export/FragAnnotor/results/casmi2022_cfmid_native_precomputed_full_v1 --adduct '[M+H]+' --candidate-start 49600 --candidate-limit 100 --resume
497,[M+H]+,49700,100,100,not_started,0,0,0,100,,python3 scripts/run_cfmid_precomputed_candidate_shard.py --outdir /home/zhome/ec_structure/github_export/FragAnnotor/results/casmi2022_cfmid_native_precomputed_full_v1 --adduct '[M+H]+' --candidate-start 49700 --candidate-limit 100 --resume
498,[M+H]+,49800,100,100,not_started,0,0,0,100,,python3 scripts/run_cfmid_precomputed_candidate_shard.py --outdir /home/zhome/ec_structure/github_export/FragAnnotor/results/casmi2022_cfmid_native_precomputed_full_v1 --adduct '[M+H]+' --candidate-start 49800 --candidate-limit 100 --resume
499,[M+H]+,49900,100,100,not_started,0,0,0,100,,python3 scripts/run_cfmid_precomputed_candidate_shard.py --outdir /home/zhome/ec_structure/github_export/FragAnnotor/results/casmi2022_cfmid_native_precomputed_full_v1 --adduct '[M+H]+' --candidate-start 49900 --candidate-limit 100 --resume
500,[M+H]+,50000,100,100,not_started,0,0,0,100,,python3 scripts/run_cfmid_precomputed_candidate_shard.py --outdir /home/zhome/ec_structure/github_export/FragAnnotor/results/casmi2022_cfmid_native_precomputed_full_v1 --adduct '[M+H]+' --candidate-start 50000 --candidate-limit 100 --resume
501,[M+H]+,50100,100,100,not_started,0,0,0,100,,python3 scripts/run_cfmid_precomputed_candidate_shard.py --outdir /home/zhome/ec_structure/github_export/FragAnnotor/results/casmi2022_cfmid_native_precomputed_full_v1 --adduct '[M+H]+' --candidate-start 50100 --candidate-limit 100 --resume
502,[M+H]+,50200,100,100,not_started,0,0,0,100,,python3 scripts/run_cfmid_precomputed_candidate_shard.py --outdir /home/zhome/ec_structure/github_export/FragAnnotor/results/casmi2022_cfmid_native_precomputed_full_v1 --adduct '[M+H]+' --candidate-start 50200 --candidate-limit 100 --resume
503,[M+H]+,50300,100,100,not_started,0,0,0,100,,python3 scripts/run_cfmid_precomputed_candidate_shard.py --outdir /home/zhome/ec_structure/github_export/FragAnnotor/results/casmi2022_cfmid_native_precomputed_full_v1 --adduct '[M+H]+' --candidate-start 50300 --candidate-limit 100 --resume
504,[M+H]+,50400,100,100,not_started,0,0,0,100,,python3 scripts/run_cfmid_precomputed_candidate_shard.py --outdir /home/zhome/ec_structure/github_export/FragAnnotor/results/casmi2022_cfmid_native_precomputed_full_v1 --adduct '[M+H]+' --candidate-start 50400 --candidate-limit 100 --resume
505,[M+H]+,50500,100,100,not_started,0,0,0,100,,python3 scripts/run_cfmid_precomputed_candidate_shard.py --outdir /home/zhome/ec_structure/github_export/FragAnnotor/results/casmi2022_cfmid_native_precomputed_full_v1 --adduct '[M+H]+' --candidate-start 50500 --candidate-limit 100 --resume
506,[M+H]+,50600,100,100,not_started,0,0,0,100,,python3 scripts/run_cfmid_precomputed_candidate_shard.py --outdir /home/zhome/ec_structure/github_export/FragAnnotor/results/casmi2022_cfmid_native_precomputed_full_v1 --adduct '[M+H]+' --candidate-start 50600 --candidate-limit 100 --resume
507,[M+H]+,50700,100,100,not_started,0,0,0,100,,python3 scripts/run_cfmid_precomputed_candidate_shard.py --outdir /home/zhome/ec_structure/github_export/FragAnnotor/results/casmi2022_cfmid_native_precomputed_full_v1 --adduct '[M+H]+' --candidate-start 50700 --candidate-limit 100 --resume
508,[M+H]+,50800,100,100,not_started,0,0,0,100,,python3 scripts/run_cfmid_precomputed_candidate_shard.py --outdir /home/zhome/ec_structure/github_export/FragAnnotor/results/casmi2022_cfmid_native_precomputed_full_v1 --adduct '[M+H]+' --candidate-start 50800 --candidate-limit 100 --resume
509,[M+H]+,50900,100,100,not_started,0,0,0,100,,python3 scripts/run_cfmid_precomputed_candidate_shard.py --outdir /home/zhome/ec_structure/github_export/FragAnnotor/results/casmi2022_cfmid_native_precomputed_full_v1 --adduct '[M+H]+' --candidate-start 50900 --candidate-limit 100 --resume
510,[M+H]+,51000,100,100,not_started,0,0,0,100,,python3 scripts/run_cfmid_precomputed_candidate_shard.py --outdir /home/zhome/ec_structure/github_export/FragAnnotor/results/casmi2022_cfmid_native_precomputed_full_v1 --adduct '[M+H]+' --candidate-start 51000 --candidate-limit 100 --resume
511,[M+H]+,51100,100,100,not_started,0,0,0,100,,python3 scripts/run_cfmid_precomputed_candidate_shard.py --outdir /home/zhome/ec_structure/github_export/FragAnnotor/results/casmi2022_cfmid_native_precomputed_full_v1 --adduct '[M+H]+' --candidate-start 51100 --candidate-limit 100 --resume
512,[M+H]+,51200,100,100,not_started,0,0,0,100,,python3 scripts/run_cfmid_precomputed_candidate_shard.py --outdir /home/zhome/ec_structure/github_export/FragAnnotor/results/casmi2022_cfmid_native_precomputed_full_v1 --adduct '[M+H]+' --candidate-start 51200 --candidate-limit 100 --resume
513,[M+H]+,51300,100,100,not_started,0,0,0,100,,python3 scripts/run_cfmid_precomputed_candidate_shard.py --outdir /home/zhome/ec_structure/github_export/FragAnnotor/results/casmi2022_cfmid_native_precomputed_full_v1 --adduct '[M+H]+' --candidate-start 51300 --candidate-limit 100 --resume
514,[M+H]+,51400,100,100,not_started,0,0,0,100,,python3 scripts/run_cfmid_precomputed_candidate_shard.py --outdir /home/zhome/ec_structure/github_export/FragAnnotor/results/casmi2022_cfmid_native_precomputed_full_v1 --adduct '[M+H]+' --candidate-start 51400 --candidate-limit 100 --resume
515,[M+H]+,51500,100,100,not_started,0,0,0,100,,python3 scripts/run_cfmid_precomputed_candidate_shard.py --outdir /home/zhome/ec_structure/github_export/FragAnnotor/results/casmi2022_cfmid_native_precomputed_full_v1 --adduct '[M+H]+' --candidate-start 51500 --candidate-limit 100 --resume
516,[M+H]+,51600,100,100,not_started,0,0,0,100,,python3 scripts/run_cfmid_precomputed_candidate_shard.py --outdir /home/zhome/ec_structure/github_export/FragAnnotor/results/casmi2022_cfmid_native_precomputed_full_v1 --adduct '[M+H]+' --candidate-start 51600 --candidate-limit 100 --resume
517,[M+H]+,51700,100,100,not_started,0,0,0,100,,python3 scripts/run_cfmid_precomputed_candidate_shard.py --outdir /home/zhome/ec_structure/github_export/FragAnnotor/results/casmi2022_cfmid_native_precomputed_full_v1 --adduct '[M+H]+' --candidate-start 51700 --candidate-limit 100 --resume
518,[M+H]+,51800,100,100,not_started,0,0,0,100,,python3 scripts/run_cfmid_precomputed_candidate_shard.py --outdir /home/zhome/ec_structure/github_export/FragAnnotor/results/casmi2022_cfmid_native_precomputed_full_v1 --adduct '[M+H]+' --candidate-start 51800 --candidate-limit 100 --resume
519,[M+H]+,51900,100,100,not_started,0,0,0,100,,python3 scripts/run_cfmid_precomputed_candidate_shard.py --outdir /home/zhome/ec_structure/github_export/FragAnnotor/results/casmi2022_cfmid_native_precomputed_full_v1 --adduct '[M+H]+' --candidate-start 51900 --candidate-limit 100 --resume
520,[M+H]+,52000,100,100,not_started,0,0,0,100,,python3 scripts/run_cfmid_precomputed_candidate_shard.py --outdir /home/zhome/ec_structure/github_export/FragAnnotor/results/casmi2022_cfmid_native_precomputed_full_v1 --adduct '[M+H]+' --candidate-start 52000 --candidate-limit 100 --resume
521,[M+H]+,52100,100,100,not_started,0,0,0,100,,python3 scripts/run_cfmid_precomputed_candidate_shard.py --outdir /home/zhome/ec_structure/github_export/FragAnnotor/results/casmi2022_cfmid_native_precomputed_full_v1 --adduct '[M+H]+' --candidate-start 52100 --candidate-limit 100 --resume
522,[M+H]+,52200,100,100,not_started,0,0,0,100,,python3 scripts/run_cfmid_precomputed_candidate_shard.py --outdir /home/zhome/ec_structure/github_export/FragAnnotor/results/casmi2022_cfmid_native_precomputed_full_v1 --adduct '[M+H]+' --candidate-start 52200 --candidate-limit 100 --resume
523,[M+H]+,52300,100,100,not_started,0,0,0,100,,python3 scripts/run_cfmid_precomputed_candidate_shard.py --outdir /home/zhome/ec_structure/github_export/FragAnnotor/results/casmi2022_cfmid_native_precomputed_full_v1 --adduct '[M+H]+' --candidate-start 52300 --candidate-limit 100 --resume
524,[M+H]+,52400,100,100,not_started,0,0,0,100,,python3 scripts/run_cfmid_precomputed_candidate_shard.py --outdir /home/zhome/ec_structure/github_export/FragAnnotor/results/casmi2022_cfmid_native_precomputed_full_v1 --adduct '[M+H]+' --candidate-start 52400 --candidate-limit 100 --resume
525,[M+H]+,52500,100,100,not_started,0,0,0,100,,python3 scripts/run_cfmid_precomputed_candidate_shard.py --outdir /home/zhome/ec_structure/github_export/FragAnnotor/results/casmi2022_cfmid_native_precomputed_full_v1 --adduct '[M+H]+' --candidate-start 52500 --candidate-limit 100 --resume
526,[M+H]+,52600,100,100,not_started,0,0,0,100,,python3 scripts/run_cfmid_precomputed_candidate_shard.py --outdir /home/zhome/ec_structure/github_export/FragAnnotor/results/casmi2022_cfmid_native_precomputed_full_v1 --adduct '[M+H]+' --candidate-start 52600 --candidate-limit 100 --resume
527,[M+H]+,52700,100,100,not_started,0,0,0,100,,python3 scripts/run_cfmid_precomputed_candidate_shard.py --outdir /home/zhome/ec_structure/github_export/FragAnnotor/results/casmi2022_cfmid_native_precomputed_full_v1 --adduct '[M+H]+' --candidate-start 52700 --candidate-limit 100 --resume
528,[M+H]+,52800,100,100,not_started,0,0,0,100,,python3 scripts/run_cfmid_precomputed_candidate_shard.py --outdir /home/zhome/ec_structure/github_export/FragAnnotor/results/casmi2022_cfmid_native_precomputed_full_v1 --adduct '[M+H]+' --candidate-start 52800 --candidate-limit 100 --resume
529,[M+H]+,52900,100,100,not_started,0,0,0,100,,python3 scripts/run_cfmid_precomputed_candidate_shard.py --outdir /home/zhome/ec_structure/github_export/FragAnnotor/results/casmi2022_cfmid_native_precomputed_full_v1 --adduct '[M+H]+' --candidate-start 52900 --candidate-limit 100 --resume
530,[M+H]+,53000,100,100,not_started,0,0,0,100,,python3 scripts/run_cfmid_precomputed_candidate_shard.py --outdir /home/zhome/ec_structure/github_export/FragAnnotor/results/casmi2022_cfmid_native_precomputed_full_v1 --adduct '[M+H]+' --candidate-start 53000 --candidate-limit 100 --resume
531,[M+H]+,53100,100,100,not_started,0,0,0,100,,python3 scripts/run_cfmid_precomputed_candidate_shard.py --outdir /home/zhome/ec_structure/github_export/FragAnnotor/results/casmi2022_cfmid_native_precomputed_full_v1 --adduct '[M+H]+' --candidate-start 53100 --candidate-limit 100 --resume
532,[M+H]+,53200,100,100,not_started,0,0,0,100,,python3 scripts/run_cfmid_precomputed_candidate_shard.py --outdir /home/zhome/ec_structure/github_export/FragAnnotor/results/casmi2022_cfmid_native_precomputed_full_v1 --adduct '[M+H]+' --candidate-start 53200 --candidate-limit 100 --resume
533,[M+H]+,53300,100,100,not_started,0,0,0,100,,python3 scripts/run_cfmid_precomputed_candidate_shard.py --outdir /home/zhome/ec_structure/github_export/FragAnnotor/results/casmi2022_cfmid_native_precomputed_full_v1 --adduct '[M+H]+' --candidate-start 53300 --candidate-limit 100 --resume
534,[M+H]+,53400,100,100,not_started,0,0,0,100,,python3 scripts/run_cfmid_precomputed_candidate_shard.py --outdir /home/zhome/ec_structure/github_export/FragAnnotor/results/casmi2022_cfmid_native_precomputed_full_v1 --adduct '[M+H]+' --candidate-start 53400 --candidate-limit 100 --resume
535,[M+H]+,53500,100,100,not_started,0,0,0,100,,python3 scripts/run_cfmid_precomputed_candidate_shard.py --outdir /home/zhome/ec_structure/github_export/FragAnnotor/results/casmi2022_cfmid_native_precomputed_full_v1 --adduct '[M+H]+' --candidate-start 53500 --candidate-limit 100 --resume
536,[M+H]+,53600,100,100,not_started,0,0,0,100,,python3 scripts/run_cfmid_precomputed_candidate_shard.py --outdir /home/zhome/ec_structure/github_export/FragAnnotor/results/casmi2022_cfmid_native_precomputed_full_v1 --adduct '[M+H]+' --candidate-start 53600 --candidate-limit 100 --resume
537,[M+H]+,53700,100,100,not_started,0,0,0,100,,python3 scripts/run_cfmid_precomputed_candidate_shard.py --outdir /home/zhome/ec_structure/github_export/FragAnnotor/results/casmi2022_cfmid_native_precomputed_full_v1 --adduct '[M+H]+' --candidate-start 53700 --candidate-limit 100 --resume
538,[M+H]+,53800,100,100,not_started,0,0,0,100,,python3 scripts/run_cfmid_precomputed_candidate_shard.py --outdir /home/zhome/ec_structure/github_export/FragAnnotor/results/casmi2022_cfmid_native_precomputed_full_v1 --adduct '[M+H]+' --candidate-start 53800 --candidate-limit 100 --resume
539,[M+H]+,53900,100,100,not_started,0,0,0,100,,python3 scripts/run_cfmid_precomputed_candidate_shard.py --outdir /home/zhome/ec_structure/github_export/FragAnnotor/results/casmi2022_cfmid_native_precomputed_full_v1 --adduct '[M+H]+' --candidate-start 53900 --candidate-limit 100 --resume
540,[M+H]+,54000,100,100,not_started,0,0,0,100,,python3 scripts/run_cfmid_precomputed_candidate_shard.py --outdir /home/zhome/ec_structure/github_export/FragAnnotor/results/casmi2022_cfmid_native_precomputed_full_v1 --adduct '[M+H]+' --candidate-start 54000 --candidate-limit 100 --resume
541,[M+H]+,54100,100,100,not_started,0,0,0,100,,python3 scripts/run_cfmid_precomputed_candidate_shard.py --outdir /home/zhome/ec_structure/github_export/FragAnnotor/results/casmi2022_cfmid_native_precomputed_full_v1 --adduct '[M+H]+' --candidate-start 54100 --candidate-limit 100 --resume
542,[M+H]+,54200,100,100,not_started,0,0,0,100,,python3 scripts/run_cfmid_precomputed_candidate_shard.py --outdir /home/zhome/ec_structure/github_export/FragAnnotor/results/casmi2022_cfmid_native_precomputed_full_v1 --adduct '[M+H]+' --candidate-start 54200 --candidate-limit 100 --resume
543,[M+H]+,54300,100,100,not_started,0,0,0,100,,python3 scripts/run_cfmid_precomputed_candidate_shard.py --outdir /home/zhome/ec_structure/github_export/FragAnnotor/results/casmi2022_cfmid_native_precomputed_full_v1 --adduct '[M+H]+' --candidate-start 54300 --candidate-limit 100 --resume
544,[M+H]+,54400,100,100,not_started,0,0,0,100,,python3 scripts/run_cfmid_precomputed_candidate_shard.py --outdir /home/zhome/ec_structure/github_export/FragAnnotor/results/casmi2022_cfmid_native_precomputed_full_v1 --adduct '[M+H]+' --candidate-start 54400 --candidate-limit 100 --resume
545,[M+H]+,54500,100,100,not_started,0,0,0,100,,python3 scripts/run_cfmid_precomputed_candidate_shard.py --outdir /home/zhome/ec_structure/github_export/FragAnnotor/results/casmi2022_cfmid_native_precomputed_full_v1 --adduct '[M+H]+' --candidate-start 54500 --candidate-limit 100 --resume
546,[M+H]+,54600,100,100,not_started,0,0,0,100,,python3 scripts/run_cfmid_precomputed_candidate_shard.py --outdir /home/zhome/ec_structure/github_export/FragAnnotor/results/casmi2022_cfmid_native_precomputed_full_v1 --adduct '[M+H]+' --candidate-start 54600 --candidate-limit 100 --resume
547,[M+H]+,54700,100,100,not_started,0,0,0,100,,python3 scripts/run_cfmid_precomputed_candidate_shard.py --outdir /home/zhome/ec_structure/github_export/FragAnnotor/results/casmi2022_cfmid_native_precomputed_full_v1 --adduct '[M+H]+' --candidate-start 54700 --candidate-limit 100 --resume
548,[M+H]+,54800,100,100,not_started,0,0,0,100,,python3 scripts/run_cfmid_precomputed_candidate_shard.py --outdir /home/zhome/ec_structure/github_export/FragAnnotor/results/casmi2022_cfmid_native_precomputed_full_v1 --adduct '[M+H]+' --candidate-start 54800 --candidate-limit 100 --resume
549,[M+H]+,54900,100,100,not_started,0,0,0,100,,python3 scripts/run_cfmid_precomputed_candidate_shard.py --outdir /home/zhome/ec_structure/github_export/FragAnnotor/results/casmi2022_cfmid_native_precomputed_full_v1 --adduct '[M+H]+' --candidate-start 54900 --candidate-limit 100 --resume
550,[M+H]+,55000,100,100,not_started,0,0,0,100,,python3 scripts/run_cfmid_precomputed_candidate_shard.py --outdir /home/zhome/ec_structure/github_export/FragAnnotor/results/casmi2022_cfmid_native_precomputed_full_v1 --adduct '[M+H]+' --candidate-start 55000 --candidate-limit 100 --resume
551,[M+H]+,55100,100,100,not_started,0,0,0,100,,python3 scripts/run_cfmid_precomputed_candidate_shard.py --outdir /home/zhome/ec_structure/github_export/FragAnnotor/results/casmi2022_cfmid_native_precomputed_full_v1 --adduct '[M+H]+' --candidate-start 55100 --candidate-limit 100 --resume
552,[M+H]+,55200,100,100,not_started,0,0,0,100,,python3 scripts/run_cfmid_precomputed_candidate_shard.py --outdir /home/zhome/ec_structure/github_export/FragAnnotor/results/casmi2022_cfmid_native_precomputed_full_v1 --adduct '[M+H]+' --candidate-start 55200 --candidate-limit 100 --resume
553,[M+H]+,55300,100,100,not_started,0,0,0,100,,python3 scripts/run_cfmid_precomputed_candidate_shard.py --outdir /home/zhome/ec_structure/github_export/FragAnnotor/results/casmi2022_cfmid_native_precomputed_full_v1 --adduct '[M+H]+' --candidate-start 55300 --candidate-limit 100 --resume
554,[M+H]+,55400,100,100,not_started,0,0,0,100,,python3 scripts/run_cfmid_precomputed_candidate_shard.py --outdir /home/zhome/ec_structure/github_export/FragAnnotor/results/casmi2022_cfmid_native_precomputed_full_v1 --adduct '[M+H]+' --candidate-start 55400 --candidate-limit 100 --resume
555,[M+H]+,55500,100,100,not_started,0,0,0,100,,python3 scripts/run_cfmid_precomputed_candidate_shard.py --outdir /home/zhome/ec_structure/github_export/FragAnnotor/results/casmi2022_cfmid_native_precomputed_full_v1 --adduct '[M+H]+' --candidate-start 55500 --candidate-limit 100 --resume
556,[M+H]+,55600,100,100,not_started,0,0,0,100,,python3 scripts/run_cfmid_precomputed_candidate_shard.py --outdir /home/zhome/ec_structure/github_export/FragAnnotor/results/casmi2022_cfmid_native_precomputed_full_v1 --adduct '[M+H]+' --candidate-start 55600 --candidate-limit 100 --resume
557,[M+H]+,55700,100,100,not_started,0,0,0,100,,python3 scripts/run_cfmid_precomputed_candidate_shard.py --outdir /home/zhome/ec_structure/github_export/FragAnnotor/results/casmi2022_cfmid_native_precomputed_full_v1 --adduct '[M+H]+' --candidate-start 55700 --candidate-limit 100 --resume
558,[M+H]+,55800,100,100,not_started,0,0,0,100,,python3 scripts/run_cfmid_precomputed_candidate_shard.py --outdir /home/zhome/ec_structure/github_export/FragAnnotor/results/casmi2022_cfmid_native_precomputed_full_v1 --adduct '[M+H]+' --candidate-start 55800 --candidate-limit 100 --resume
559,[M+H]+,55900,100,100,not_started,0,0,0,100,,python3 scripts/run_cfmid_precomputed_candidate_shard.py --outdir /home/zhome/ec_structure/github_export/FragAnnotor/results/casmi2022_cfmid_native_precomputed_full_v1 --adduct '[M+H]+' --candidate-start 55900 --candidate-limit 100 --resume
560,[M+H]+,56000,100,100,not_started,0,0,0,100,,python3 scripts/run_cfmid_precomputed_candidate_shard.py --outdir /home/zhome/ec_structure/github_export/FragAnnotor/results/casmi2022_cfmid_native_precomputed_full_v1 --adduct '[M+H]+' --candidate-start 56000 --candidate-limit 100 --resume
561,[M+H]+,56100,100,100,not_started,0,0,0,100,,python3 scripts/run_cfmid_precomputed_candidate_shard.py --outdir /home/zhome/ec_structure/github_export/FragAnnotor/results/casmi2022_cfmid_native_precomputed_full_v1 --adduct '[M+H]+' --candidate-start 56100 --candidate-limit 100 --resume
562,[M+H]+,56200,100,100,not_started,0,0,0,100,,python3 scripts/run_cfmid_precomputed_candidate_shard.py --outdir /home/zhome/ec_structure/github_export/FragAnnotor/results/casmi2022_cfmid_native_precomputed_full_v1 --adduct '[M+H]+' --candidate-start 56200 --candidate-limit 100 --resume
563,[M+H]+,56300,100,100,not_started,0,0,0,100,,python3 scripts/run_cfmid_precomputed_candidate_shard.py --outdir /home/zhome/ec_structure/github_export/FragAnnotor/results/casmi2022_cfmid_native_precomputed_full_v1 --adduct '[M+H]+' --candidate-start 56300 --candidate-limit 100 --resume
564,[M+H]+,56400,100,100,not_started,0,0,0,100,,python3 scripts/run_cfmid_precomputed_candidate_shard.py --outdir /home/zhome/ec_structure/github_export/FragAnnotor/results/casmi2022_cfmid_native_precomputed_full_v1 --adduct '[M+H]+' --candidate-start 56400 --candidate-limit 100 --resume
565,[M+H]+,56500,100,100,not_started,0,0,0,100,,python3 scripts/run_cfmid_precomputed_candidate_shard.py --outdir /home/zhome/ec_structure/github_export/FragAnnotor/results/casmi2022_cfmid_native_precomputed_full_v1 --adduct '[M+H]+' --candidate-start 56500 --candidate-limit 100 --resume
566,[M+H]+,56600,100,100,not_started,0,0,0,100,,python3 scripts/run_cfmid_precomputed_candidate_shard.py --outdir /home/zhome/ec_structure/github_export/FragAnnotor/results/casmi2022_cfmid_native_precomputed_full_v1 --adduct '[M+H]+' --candidate-start 56600 --candidate-limit 100 --resume
567,[M+H]+,56700,100,100,not_started,0,0,0,100,,python3 scripts/run_cfmid_precomputed_candidate_shard.py --outdir /home/zhome/ec_structure/github_export/FragAnnotor/results/casmi2022_cfmid_native_precomputed_full_v1 --adduct '[M+H]+' --candidate-start 56700 --candidate-limit 100 --resume
568,[M+H]+,56800,100,100,not_started,0,0,0,100,,python3 scripts/run_cfmid_precomputed_candidate_shard.py --outdir /home/zhome/ec_structure/github_export/FragAnnotor/results/casmi2022_cfmid_native_precomputed_full_v1 --adduct '[M+H]+' --candidate-start 56800 --candidate-limit 100 --resume
569,[M+H]+,56900,100,100,not_started,0,0,0,100,,python3 scripts/run_cfmid_precomputed_candidate_shard.py --outdir /home/zhome/ec_structure/github_export/FragAnnotor/results/casmi2022_cfmid_native_precomputed_full_v1 --adduct '[M+H]+' --candidate-start 56900 --candidate-limit 100 --resume
570,[M+H]+,57000,100,100,not_started,0,0,0,100,,python3 scripts/run_cfmid_precomputed_candidate_shard.py --outdir /home/zhome/ec_structure/github_export/FragAnnotor/results/casmi2022_cfmid_native_precomputed_full_v1 --adduct '[M+H]+' --candidate-start 57000 --candidate-limit 100 --resume
571,[M+H]+,57100,100,100,not_started,0,0,0,100,,python3 scripts/run_cfmid_precomputed_candidate_shard.py --outdir /home/zhome/ec_structure/github_export/FragAnnotor/results/casmi2022_cfmid_native_precomputed_full_v1 --adduct '[M+H]+' --candidate-start 57100 --candidate-limit 100 --resume
572,[M+H]+,57200,100,100,not_started,0,0,0,100,,python3 scripts/run_cfmid_precomputed_candidate_shard.py --outdir /home/zhome/ec_structure/github_export/FragAnnotor/results/casmi2022_cfmid_native_precomputed_full_v1 --adduct '[M+H]+' --candidate-start 57200 --candidate-limit 100 --resume
573,[M+H]+,57300,100,100,not_started,0,0,0,100,,python3 scripts/run_cfmid_precomputed_candidate_shard.py --outdir /home/zhome/ec_structure/github_export/FragAnnotor/results/casmi2022_cfmid_native_precomputed_full_v1 --adduct '[M+H]+' --candidate-start 57300 --candidate-limit 100 --resume
574,[M+H]+,57400,100,100,not_started,0,0,0,100,,python3 scripts/run_cfmid_precomputed_candidate_shard.py --outdir /home/zhome/ec_structure/github_export/FragAnnotor/results/casmi2022_cfmid_native_precomputed_full_v1 --adduct '[M+H]+' --candidate-start 57400 --candidate-limit 100 --resume
575,[M+H]+,57500,100,100,not_started,0,0,0,100,,python3 scripts/run_cfmid_precomputed_candidate_shard.py --outdir /home/zhome/ec_structure/github_export/FragAnnotor/results/casmi2022_cfmid_native_precomputed_full_v1 --adduct '[M+H]+' --candidate-start 57500 --candidate-limit 100 --resume
576,[M+H]+,57600,100,100,not_started,0,0,0,100,,python3 scripts/run_cfmid_precomputed_candidate_shard.py --outdir /home/zhome/ec_structure/github_export/FragAnnotor/results/casmi2022_cfmid_native_precomputed_full_v1 --adduct '[M+H]+' --candidate-start 57600 --candidate-limit 100 --resume
577,[M+H]+,57700,100,100,not_started,0,0,0,100,,python3 scripts/run_cfmid_precomputed_candidate_shard.py --outdir /home/zhome/ec_structure/github_export/FragAnnotor/results/casmi2022_cfmid_native_precomputed_full_v1 --adduct '[M+H]+' --candidate-start 57700 --candidate-limit 100 --resume
578,[M+H]+,57800,100,100,not_started,0,0,0,100,,python3 scripts/run_cfmid_precomputed_candidate_shard.py --outdir /home/zhome/ec_structure/github_export/FragAnnotor/results/casmi2022_cfmid_native_precomputed_full_v1 --adduct '[M+H]+' --candidate-start 57800 --candidate-limit 100 --resume
579,[M+H]+,57900,100,100,not_started,0,0,0,100,,python3 scripts/run_cfmid_precomputed_candidate_shard.py --outdir /home/zhome/ec_structure/github_export/FragAnnotor/results/casmi2022_cfmid_native_precomputed_full_v1 --adduct '[M+H]+' --candidate-start 57900 --candidate-limit 100 --resume
580,[M+H]+,58000,100,100,not_started,0,0,0,100,,python3 scripts/run_cfmid_precomputed_candidate_shard.py --outdir /home/zhome/ec_structure/github_export/FragAnnotor/results/casmi2022_cfmid_native_precomputed_full_v1 --adduct '[M+H]+' --candidate-start 58000 --candidate-limit 100 --resume
581,[M+H]+,58100,100,100,not_started,0,0,0,100,,python3 scripts/run_cfmid_precomputed_candidate_shard.py --outdir /home/zhome/ec_structure/github_export/FragAnnotor/results/casmi2022_cfmid_native_precomputed_full_v1 --adduct '[M+H]+' --candidate-start 58100 --candidate-limit 100 --resume
582,[M+H]+,58200,100,100,not_started,0,0,0,100,,python3 scripts/run_cfmid_precomputed_candidate_shard.py --outdir /home/zhome/ec_structure/github_export/FragAnnotor/results/casmi2022_cfmid_native_precomputed_full_v1 --adduct '[M+H]+' --candidate-start 58200 --candidate-limit 100 --resume
583,[M+H]+,58300,100,100,not_started,0,0,0,100,,python3 scripts/run_cfmid_precomputed_candidate_shard.py --outdir /home/zhome/ec_structure/github_export/FragAnnotor/results/casmi2022_cfmid_native_precomputed_full_v1 --adduct '[M+H]+' --candidate-start 58300 --candidate-limit 100 --resume
584,[M+H]+,58400,100,100,not_started,0,0,0,100,,python3 scripts/run_cfmid_precomputed_candidate_shard.py --outdir /home/zhome/ec_structure/github_export/FragAnnotor/results/casmi2022_cfmid_native_precomputed_full_v1 --adduct '[M+H]+' --candidate-start 58400 --candidate-limit 100 --resume
585,[M+H]+,58500,100,100,not_started,0,0,0,100,,python3 scripts/run_cfmid_precomputed_candidate_shard.py --outdir /home/zhome/ec_structure/github_export/FragAnnotor/results/casmi2022_cfmid_native_precomputed_full_v1 --adduct '[M+H]+' --candidate-start 58500 --candidate-limit 100 --resume
586,[M+H]+,58600,100,100,not_started,0,0,0,100,,python3 scripts/run_cfmid_precomputed_candidate_shard.py --outdir /home/zhome/ec_structure/github_export/FragAnnotor/results/casmi2022_cfmid_native_precomputed_full_v1 --adduct '[M+H]+' --candidate-start 58600 --candidate-limit 100 --resume
587,[M+H]+,58700,100,100,not_started,0,0,0,100,,python3 scripts/run_cfmid_precomputed_candidate_shard.py --outdir /home/zhome/ec_structure/github_export/FragAnnotor/results/casmi2022_cfmid_native_precomputed_full_v1 --adduct '[M+H]+' --candidate-start 58700 --candidate-limit 100 --resume
588,[M+H]+,58800,100,100,not_started,0,0,0,100,,python3 scripts/run_cfmid_precomputed_candidate_shard.py --outdir /home/zhome/ec_structure/github_export/FragAnnotor/results/casmi2022_cfmid_native_precomputed_full_v1 --adduct '[M+H]+' --candidate-start 58800 --candidate-limit 100 --resume
589,[M+H]+,58900,100,100,partial_cached,5,5,0,100,,python3 scripts/run_cfmid_precomputed_candidate_shard.py --outdir /home/zhome/ec_structure/github_export/FragAnnotor/results/casmi2022_cfmid_native_precomputed_full_v1 --adduct '[M+H]+' --candidate-start 58900 --candidate-limit 100 --resume
590,[M+H]+,59000,100,100,partial_cached,97,97,0,100,,python3 scripts/run_cfmid_precomputed_candidate_shard.py --outdir /home/zhome/ec_structure/github_export/FragAnnotor/results/casmi2022_cfmid_native_precomputed_full_v1 --adduct '[M+H]+' --candidate-start 59000 --candidate-limit 100 --resume
591,[M+H]+,59100,100,100,not_started,0,0,0,100,,python3 scripts/run_cfmid_precomputed_candidate_shard.py --outdir /home/zhome/ec_structure/github_export/FragAnnotor/results/casmi2022_cfmid_native_precomputed_full_v1 --adduct '[M+H]+' --candidate-start 59100 --candidate-limit 100 --resume
592,[M+H]+,59200,100,100,not_started,0,0,0,100,,python3 scripts/run_cfmid_precomputed_candidate_shard.py --outdir /home/zhome/ec_structure/github_export/FragAnnotor/results/casmi2022_cfmid_native_precomputed_full_v1 --adduct '[M+H]+' --candidate-start 59200 --candidate-limit 100 --resume
593,[M+H]+,59300,100,100,not_started,0,0,0,100,,python3 scripts/run_cfmid_precomputed_candidate_shard.py --outdir /home/zhome/ec_structure/github_export/FragAnnotor/results/casmi2022_cfmid_native_precomputed_full_v1 --adduct '[M+H]+' --candidate-start 59300 --candidate-limit 100 --resume
594,[M+H]+,59400,100,100,not_started,0,0,0,100,,python3 scripts/run_cfmid_precomputed_candidate_shard.py --outdir /home/zhome/ec_structure/github_export/FragAnnotor/results/casmi2022_cfmid_native_precomputed_full_v1 --adduct '[M+H]+' --candidate-start 59400 --candidate-limit 100 --resume
595,[M+H]+,59500,100,100,not_started,0,0,0,100,,python3 scripts/run_cfmid_precomputed_candidate_shard.py --outdir /home/zhome/ec_structure/github_export/FragAnnotor/results/casmi2022_cfmid_native_precomputed_full_v1 --adduct '[M+H]+' --candidate-start 59500 --candidate-limit 100 --resume
596,[M+H]+,59600,100,100,not_started,0,0,0,100,,python3 scripts/run_cfmid_precomputed_candidate_shard.py --outdir /home/zhome/ec_structure/github_export/FragAnnotor/results/casmi2022_cfmid_native_precomputed_full_v1 --adduct '[M+H]+' --candidate-start 59600 --candidate-limit 100 --resume
597,[M+H]+,59700,100,100,not_started,0,0,0,100,,python3 scripts/run_cfmid_precomputed_candidate_shard.py --outdir /home/zhome/ec_structure/github_export/FragAnnotor/results/casmi2022_cfmid_native_precomputed_full_v1 --adduct '[M+H]+' --candidate-start 59700 --candidate-limit 100 --resume
598,[M+H]+,59800,100,100,not_started,0,0,0,100,,python3 scripts/run_cfmid_precomputed_candidate_shard.py --outdir /home/zhome/ec_structure/github_export/FragAnnotor/results/casmi2022_cfmid_native_precomputed_full_v1 --adduct '[M+H]+' --candidate-start 59800 --candidate-limit 100 --resume
599,[M+H]+,59900,100,100,not_started,0,0,0,100,,python3 scripts/run_cfmid_precomputed_candidate_shard.py --outdir /home/zhome/ec_structure/github_export/FragAnnotor/results/casmi2022_cfmid_native_precomputed_full_v1 --adduct '[M+H]+' --candidate-start 59900 --candidate-limit 100 --resume
600,[M+H]+,60000,100,100,not_started,0,0,0,100,,python3 scripts/run_cfmid_precomputed_candidate_shard.py --outdir /home/zhome/ec_structure/github_export/FragAnnotor/results/casmi2022_cfmid_native_precomputed_full_v1 --adduct '[M+H]+' --candidate-start 60000 --candidate-limit 100 --resume
601,[M+H]+,60100,100,100,not_started,0,0,0,100,,python3 scripts/run_cfmid_precomputed_candidate_shard.py --outdir /home/zhome/ec_structure/github_export/FragAnnotor/results/casmi2022_cfmid_native_precomputed_full_v1 --adduct '[M+H]+' --candidate-start 60100 --candidate-limit 100 --resume
602,[M+H]+,60200,100,100,not_started,0,0,0,100,,python3 scripts/run_cfmid_precomputed_candidate_shard.py --outdir /home/zhome/ec_structure/github_export/FragAnnotor/results/casmi2022_cfmid_native_precomputed_full_v1 --adduct '[M+H]+' --candidate-start 60200 --candidate-limit 100 --resume
603,[M+H]+,60300,100,100,not_started,0,0,0,100,,python3 scripts/run_cfmid_precomputed_candidate_shard.py --outdir /home/zhome/ec_structure/github_export/FragAnnotor/results/casmi2022_cfmid_native_precomputed_full_v1 --adduct '[M+H]+' --candidate-start 60300 --candidate-limit 100 --resume
604,[M+H]+,60400,100,100,not_started,0,0,0,100,,python3 scripts/run_cfmid_precomputed_candidate_shard.py --outdir /home/zhome/ec_structure/github_export/FragAnnotor/results/casmi2022_cfmid_native_precomputed_full_v1 --adduct '[M+H]+' --candidate-start 60400 --candidate-limit 100 --resume
605,[M+H]+,60500,100,100,not_started,0,0,0,100,,python3 scripts/run_cfmid_precomputed_candidate_shard.py --outdir /home/zhome/ec_structure/github_export/FragAnnotor/results/casmi2022_cfmid_native_precomputed_full_v1 --adduct '[M+H]+' --candidate-start 60500 --candidate-limit 100 --resume
606,[M+H]+,60600,100,100,not_started,0,0,0,100,,python3 scripts/run_cfmid_precomputed_candidate_shard.py --outdir /home/zhome/ec_structure/github_export/FragAnnotor/results/casmi2022_cfmid_native_precomputed_full_v1 --adduct '[M+H]+' --candidate-start 60600 --candidate-limit 100 --resume
607,[M+H]+,60700,100,100,not_started,0,0,0,100,,python3 scripts/run_cfmid_precomputed_candidate_shard.py --outdir /home/zhome/ec_structure/github_export/FragAnnotor/results/casmi2022_cfmid_native_precomputed_full_v1 --adduct '[M+H]+' --candidate-start 60700 --candidate-limit 100 --resume
608,[M+H]+,60800,100,100,not_started,0,0,0,100,,python3 scripts/run_cfmid_precomputed_candidate_shard.py --outdir /home/zhome/ec_structure/github_export/FragAnnotor/results/casmi2022_cfmid_native_precomputed_full_v1 --adduct '[M+H]+' --candidate-start 60800 --candidate-limit 100 --resume
609,[M+H]+,60900,100,100,not_started,0,0,0,100,,python3 scripts/run_cfmid_precomputed_candidate_shard.py --outdir /home/zhome/ec_structure/github_export/FragAnnotor/results/casmi2022_cfmid_native_precomputed_full_v1 --adduct '[M+H]+' --candidate-start 60900 --candidate-limit 100 --resume
610,[M+H]+,61000,100,100,not_started,0,0,0,100,,python3 scripts/run_cfmid_precomputed_candidate_shard.py --outdir /home/zhome/ec_structure/github_export/FragAnnotor/results/casmi2022_cfmid_native_precomputed_full_v1 --adduct '[M+H]+' --candidate-start 61000 --candidate-limit 100 --resume
611,[M+H]+,61100,100,100,not_started,0,0,0,100,,python3 scripts/run_cfmid_precomputed_candidate_shard.py --outdir /home/zhome/ec_structure/github_export/FragAnnotor/results/casmi2022_cfmid_native_precomputed_full_v1 --adduct '[M+H]+' --candidate-start 61100 --candidate-limit 100 --resume
612,[M+H]+,61200,100,100,not_started,0,0,0,100,,python3 scripts/run_cfmid_precomputed_candidate_shard.py --outdir /home/zhome/ec_structure/github_export/FragAnnotor/results/casmi2022_cfmid_native_precomputed_full_v1 --adduct '[M+H]+' --candidate-start 61200 --candidate-limit 100 --resume
613,[M+H]+,61300,100,100,not_started,0,0,0,100,,python3 scripts/run_cfmid_precomputed_candidate_shard.py --outdir /home/zhome/ec_structure/github_export/FragAnnotor/results/casmi2022_cfmid_native_precomputed_full_v1 --adduct '[M+H]+' --candidate-start 61300 --candidate-limit 100 --resume
614,[M+H]+,61400,100,100,not_started,0,0,0,100,,python3 scripts/run_cfmid_precomputed_candidate_shard.py --outdir /home/zhome/ec_structure/github_export/FragAnnotor/results/casmi2022_cfmid_native_precomputed_full_v1 --adduct '[M+H]+' --candidate-start 61400 --candidate-limit 100 --resume
615,[M+H]+,61500,100,100,not_started,0,0,0,100,,python3 scripts/run_cfmid_precomputed_candidate_shard.py --outdir /home/zhome/ec_structure/github_export/FragAnnotor/results/casmi2022_cfmid_native_precomputed_full_v1 --adduct '[M+H]+' --candidate-start 61500 --candidate-limit 100 --resume
616,[M+H]+,61600,100,100,not_started,0,0,0,100,,python3 scripts/run_cfmid_precomputed_candidate_shard.py --outdir /home/zhome/ec_structure/github_export/FragAnnotor/results/casmi2022_cfmid_native_precomputed_full_v1 --adduct '[M+H]+' --candidate-start 61600 --candidate-limit 100 --resume
617,[M+H]+,61700,100,100,not_started,0,0,0,100,,python3 scripts/run_cfmid_precomputed_candidate_shard.py --outdir /home/zhome/ec_structure/github_export/FragAnnotor/results/casmi2022_cfmid_native_precomputed_full_v1 --adduct '[M+H]+' --candidate-start 61700 --candidate-limit 100 --resume
618,[M+H]+,61800,100,100,not_started,0,0,0,100,,python3 scripts/run_cfmid_precomputed_candidate_shard.py --outdir /home/zhome/ec_structure/github_export/FragAnnotor/results/casmi2022_cfmid_native_precomputed_full_v1 --adduct '[M+H]+' --candidate-start 61800 --candidate-limit 100 --resume
619,[M+H]+,61900,100,100,not_started,0,0,0,100,,python3 scripts/run_cfmid_precomputed_candidate_shard.py --outdir /home/zhome/ec_structure/github_export/FragAnnotor/results/casmi2022_cfmid_native_precomputed_full_v1 --adduct '[M+H]+' --candidate-start 61900 --candidate-limit 100 --resume
620,[M+H]+,62000,100,100,not_started,0,0,0,100,,python3 scripts/run_cfmid_precomputed_candidate_shard.py --outdir /home/zhome/ec_structure/github_export/FragAnnotor/results/casmi2022_cfmid_native_precomputed_full_v1 --adduct '[M+H]+' --candidate-start 62000 --candidate-limit 100 --resume
621,[M+H]+,62100,100,100,not_started,0,0,0,100,,python3 scripts/run_cfmid_precomputed_candidate_shard.py --outdir /home/zhome/ec_structure/github_export/FragAnnotor/results/casmi2022_cfmid_native_precomputed_full_v1 --adduct '[M+H]+' --candidate-start 62100 --candidate-limit 100 --resume
622,[M+H]+,62200,100,100,not_started,0,0,0,100,,python3 scripts/run_cfmid_precomputed_candidate_shard.py --outdir /home/zhome/ec_structure/github_export/FragAnnotor/results/casmi2022_cfmid_native_precomputed_full_v1 --adduct '[M+H]+' --candidate-start 62200 --candidate-limit 100 --resume
623,[M+H]+,62300,100,100,not_started,0,0,0,100,,python3 scripts/run_cfmid_precomputed_candidate_shard.py --outdir /home/zhome/ec_structure/github_export/FragAnnotor/results/casmi2022_cfmid_native_precomputed_full_v1 --adduct '[M+H]+' --candidate-start 62300 --candidate-limit 100 --resume
624,[M+H]+,62400,100,100,not_started,0,0,0,100,,python3 scripts/run_cfmid_precomputed_candidate_shard.py --outdir /home/zhome/ec_structure/github_export/FragAnnotor/results/casmi2022_cfmid_native_precomputed_full_v1 --adduct '[M+H]+' --candidate-start 62400 --candidate-limit 100 --resume
625,[M+H]+,62500,100,100,not_started,0,0,0,100,,python3 scripts/run_cfmid_precomputed_candidate_shard.py --outdir /home/zhome/ec_structure/github_export/FragAnnotor/results/casmi2022_cfmid_native_precomputed_full_v1 --adduct '[M+H]+' --candidate-start 62500 --candidate-limit 100 --resume
626,[M+H]+,62600,100,100,not_started,0,0,0,100,,python3 scripts/run_cfmid_precomputed_candidate_shard.py --outdir /home/zhome/ec_structure/github_export/FragAnnotor/results/casmi2022_cfmid_native_precomputed_full_v1 --adduct '[M+H]+' --candidate-start 62600 --candidate-limit 100 --resume
627,[M+H]+,62700,100,100,not_started,0,0,0,100,,python3 scripts/run_cfmid_precomputed_candidate_shard.py --outdir /home/zhome/ec_structure/github_export/FragAnnotor/results/casmi2022_cfmid_native_precomputed_full_v1 --adduct '[M+H]+' --candidate-start 62700 --candidate-limit 100 --resume
628,[M+H]+,62800,100,100,not_started,0,0,0,100,,python3 scripts/run_cfmid_precomputed_candidate_shard.py --outdir /home/zhome/ec_structure/github_export/FragAnnotor/results/casmi2022_cfmid_native_precomputed_full_v1 --adduct '[M+H]+' --candidate-start 62800 --candidate-limit 100 --resume
629,[M+H]+,62900,100,100,not_started,0,0,0,100,,python3 scripts/run_cfmid_precomputed_candidate_shard.py --outdir /home/zhome/ec_structure/github_export/FragAnnotor/results/casmi2022_cfmid_native_precomputed_full_v1 --adduct '[M+H]+' --candidate-start 62900 --candidate-limit 100 --resume
630,[M+H]+,63000,100,100,not_started,0,0,0,100,,python3 scripts/run_cfmid_precomputed_candidate_shard.py --outdir /home/zhome/ec_structure/github_export/FragAnnotor/results/casmi2022_cfmid_native_precomputed_full_v1 --adduct '[M+H]+' --candidate-start 63000 --candidate-limit 100 --resume
631,[M+H]+,63100,100,100,not_started,0,0,0,100,,python3 scripts/run_cfmid_precomputed_candidate_shard.py --outdir /home/zhome/ec_structure/github_export/FragAnnotor/results/casmi2022_cfmid_native_precomputed_full_v1 --adduct '[M+H]+' --candidate-start 63100 --candidate-limit 100 --resume
632,[M+H]+,63200,100,100,not_started,0,0,0,100,,python3 scripts/run_cfmid_precomputed_candidate_shard.py --outdir /home/zhome/ec_structure/github_export/FragAnnotor/results/casmi2022_cfmid_native_precomputed_full_v1 --adduct '[M+H]+' --candidate-start 63200 --candidate-limit 100 --resume
633,[M+H]+,63300,100,100,not_started,0,0,0,100,,python3 scripts/run_cfmid_precomputed_candidate_shard.py --outdir /home/zhome/ec_structure/github_export/FragAnnotor/results/casmi2022_cfmid_native_precomputed_full_v1 --adduct '[M+H]+' --candidate-start 63300 --candidate-limit 100 --resume
634,[M+H]+,63400,100,100,not_started,0,0,0,100,,python3 scripts/run_cfmid_precomputed_candidate_shard.py --outdir /home/zhome/ec_structure/github_export/FragAnnotor/results/casmi2022_cfmid_native_precomputed_full_v1 --adduct '[M+H]+' --candidate-start 63400 --candidate-limit 100 --resume
635,[M+H]+,63500,100,100,not_started,0,0,0,100,,python3 scripts/run_cfmid_precomputed_candidate_shard.py --outdir /home/zhome/ec_structure/github_export/FragAnnotor/results/casmi2022_cfmid_native_precomputed_full_v1 --adduct '[M+H]+' --candidate-start 63500 --candidate-limit 100 --resume
636,[M+H]+,63600,100,100,not_started,0,0,0,100,,python3 scripts/run_cfmid_precomputed_candidate_shard.py --outdir /home/zhome/ec_structure/github_export/FragAnnotor/results/casmi2022_cfmid_native_precomputed_full_v1 --adduct '[M+H]+' --candidate-start 63600 --candidate-limit 100 --resume
637,[M+H]+,63700,100,100,not_started,0,0,0,100,,python3 scripts/run_cfmid_precomputed_candidate_shard.py --outdir /home/zhome/ec_structure/github_export/FragAnnotor/results/casmi2022_cfmid_native_precomputed_full_v1 --adduct '[M+H]+' --candidate-start 63700 --candidate-limit 100 --resume
638,[M+H]+,63800,100,100,not_started,0,0,0,100,,python3 scripts/run_cfmid_precomputed_candidate_shard.py --outdir /home/zhome/ec_structure/github_export/FragAnnotor/results/casmi2022_cfmid_native_precomputed_full_v1 --adduct '[M+H]+' --candidate-start 63800 --candidate-limit 100 --resume
639,[M+H]+,63900,100,100,not_started,0,0,0,100,,python3 scripts/run_cfmid_precomputed_candidate_shard.py --outdir /home/zhome/ec_structure/github_export/FragAnnotor/results/casmi2022_cfmid_native_precomputed_full_v1 --adduct '[M+H]+' --candidate-start 63900 --candidate-limit 100 --resume
640,[M+H]+,64000,100,100,not_started,0,0,0,100,,python3 scripts/run_cfmid_precomputed_candidate_shard.py --outdir /home/zhome/ec_structure/github_export/FragAnnotor/results/casmi2022_cfmid_native_precomputed_full_v1 --adduct '[M+H]+' --candidate-start 64000 --candidate-limit 100 --resume
641,[M+H]+,64100,100,100,not_started,0,0,0,100,,python3 scripts/run_cfmid_precomputed_candidate_shard.py --outdir /home/zhome/ec_structure/github_export/FragAnnotor/results/casmi2022_cfmid_native_precomputed_full_v1 --adduct '[M+H]+' --candidate-start 64100 --candidate-limit 100 --resume
642,[M+H]+,64200,100,100,not_started,0,0,0,100,,python3 scripts/run_cfmid_precomputed_candidate_shard.py --outdir /home/zhome/ec_structure/github_export/FragAnnotor/results/casmi2022_cfmid_native_precomputed_full_v1 --adduct '[M+H]+' --candidate-start 64200 --candidate-limit 100 --resume
643,[M+H]+,64300,100,100,not_started,0,0,0,100,,python3 scripts/run_cfmid_precomputed_candidate_shard.py --outdir /home/zhome/ec_structure/github_export/FragAnnotor/results/casmi2022_cfmid_native_precomputed_full_v1 --adduct '[M+H]+' --candidate-start 64300 --candidate-limit 100 --resume
644,[M+H]+,64400,100,100,not_started,0,0,0,100,,python3 scripts/run_cfmid_precomputed_candidate_shard.py --outdir /home/zhome/ec_structure/github_export/FragAnnotor/results/casmi2022_cfmid_native_precomputed_full_v1 --adduct '[M+H]+' --candidate-start 64400 --candidate-limit 100 --resume
645,[M+H]+,64500,100,100,not_started,0,0,0,100,,python3 scripts/run_cfmid_precomputed_candidate_shard.py --outdir /home/zhome/ec_structure/github_export/FragAnnotor/results/casmi2022_cfmid_native_precomputed_full_v1 --adduct '[M+H]+' --candidate-start 64500 --candidate-limit 100 --resume
646,[M+H]+,64600,100,100,not_started,0,0,0,100,,python3 scripts/run_cfmid_precomputed_candidate_shard.py --outdir /home/zhome/ec_structure/github_export/FragAnnotor/results/casmi2022_cfmid_native_precomputed_full_v1 --adduct '[M+H]+' --candidate-start 64600 --candidate-limit 100 --resume
647,[M+H]+,64700,100,100,not_started,0,0,0,100,,python3 scripts/run_cfmid_precomputed_candidate_shard.py --outdir /home/zhome/ec_structure/github_export/FragAnnotor/results/casmi2022_cfmid_native_precomputed_full_v1 --adduct '[M+H]+' --candidate-start 64700 --candidate-limit 100 --resume
648,[M+H]+,64800,100,100,not_started,0,0,0,100,,python3 scripts/run_cfmid_precomputed_candidate_shard.py --outdir /home/zhome/ec_structure/github_export/FragAnnotor/results/casmi2022_cfmid_native_precomputed_full_v1 --adduct '[M+H]+' --candidate-start 64800 --candidate-limit 100 --resume
649,[M+H]+,64900,100,100,not_started,0,0,0,100,,python3 scripts/run_cfmid_precomputed_candidate_shard.py --outdir /home/zhome/ec_structure/github_export/FragAnnotor/results/casmi2022_cfmid_native_precomputed_full_v1 --adduct '[M+H]+' --candidate-start 64900 --candidate-limit 100 --resume
650,[M+H]+,65000,100,100,not_started,0,0,0,100,,python3 scripts/run_cfmid_precomputed_candidate_shard.py --outdir /home/zhome/ec_structure/github_export/FragAnnotor/results/casmi2022_cfmid_native_precomputed_full_v1 --adduct '[M+H]+' --candidate-start 65000 --candidate-limit 100 --resume
651,[M+H]+,65100,100,100,not_started,0,0,0,100,,python3 scripts/run_cfmid_precomputed_candidate_shard.py --outdir /home/zhome/ec_structure/github_export/FragAnnotor/results/casmi2022_cfmid_native_precomputed_full_v1 --adduct '[M+H]+' --candidate-start 65100 --candidate-limit 100 --resume
652,[M+H]+,65200,100,100,not_started,0,0,0,100,,python3 scripts/run_cfmid_precomputed_candidate_shard.py --outdir /home/zhome/ec_structure/github_export/FragAnnotor/results/casmi2022_cfmid_native_precomputed_full_v1 --adduct '[M+H]+' --candidate-start 65200 --candidate-limit 100 --resume
653,[M+H]+,65300,100,100,not_started,0,0,0,100,,python3 scripts/run_cfmid_precomputed_candidate_shard.py --outdir /home/zhome/ec_structure/github_export/FragAnnotor/results/casmi2022_cfmid_native_precomputed_full_v1 --adduct '[M+H]+' --candidate-start 65300 --candidate-limit 100 --resume
