dataset,model,status,native_or_fallback,query_id,spectrum_id,true_candidate_id,candidate_id,candidate_mol_id,candidate_smiles,score,score_status,rank,is_correct,candidate_pool_policy,candidate_count
CASMI2022,CFM-ID + MS2DeepScore complete-query hybrid subset,completed,cfmid_generated_spectra_ms2deepscore_similarity_complete_query_hybrid,16,16,CASMI_MOL_1196803,CASMI_MOL_74536,74536,CCCCCCCCC(CC)CN(CC(CC)CCCCCCCC)CC(CC)CCCCCCCC,0.7008358249952452,finite,1,False,full_candidate_set_for_each_selected_query,103
CASMI2022,CFM-ID + MS2DeepScore complete-query hybrid subset,completed,cfmid_generated_spectra_ms2deepscore_similarity_complete_query_hybrid,16,16,CASMI_MOL_1196803,CASMI_MOL_74461,74461,CCCCCCCCCCCCCCCN(CCCCCCCCCCCCCCC)CCCC(C)C,0.6990983263639459,finite,2,False,full_candidate_set_for_each_selected_query,103
CASMI2022,CFM-ID + MS2DeepScore complete-query hybrid subset,completed,cfmid_generated_spectra_ms2deepscore_similarity_complete_query_hybrid,16,16,CASMI_MOL_1196803,CASMI_MOL_74498,74498,CCCCCCCCCCCCCCCCC(CCCN)CCCCCCCCCCCCCCCC,0.6797984460494154,finite,3,False,full_candidate_set_for_each_selected_query,103
CASMI2022,CFM-ID + MS2DeepScore complete-query hybrid subset,completed,cfmid_generated_spectra_ms2deepscore_similarity_complete_query_hybrid,16,16,CASMI_MOL_1196803,CASMI_MOL_74440,74440,CCCCCCCCCC(CCCCCCCCCCC(CCCCC)CCCCC)CCCN(C)C,0.6752713122272754,finite,4,False,full_candidate_set_for_each_selected_query,103
CASMI2022,CFM-ID + MS2DeepScore complete-query hybrid subset,completed,cfmid_generated_spectra_ms2deepscore_similarity_complete_query_hybrid,16,16,CASMI_MOL_1196803,CASMI_MOL_1196803,1196803,CCCCCCCCCCCCN(CCCCCCCCCCCC)CCCCCCCCCCCC,0.6751579644959899,finite,5,True,full_candidate_set_for_each_selected_query,103
CASMI2022,CFM-ID + MS2DeepScore complete-query hybrid subset,completed,cfmid_generated_spectra_ms2deepscore_similarity_complete_query_hybrid,16,16,CASMI_MOL_1196803,CASMI_MOL_74504,74504,CCCCCCCCCCCCN(CCCCCCCCCCCC)CCCCCCCCCC(C)C,0.67098246127754,finite,6,False,full_candidate_set_for_each_selected_query,103
CASMI2022,CFM-ID + MS2DeepScore complete-query hybrid subset,completed,cfmid_generated_spectra_ms2deepscore_similarity_complete_query_hybrid,16,16,CASMI_MOL_1196803,CASMI_MOL_74445,74445,CCCCCCC(CCCC)C(CCCCCC)(CCCCCC)N(CCCCCC)CCCCCC,0.669996963476978,finite,7,False,full_candidate_set_for_each_selected_query,103
CASMI2022,CFM-ID + MS2DeepScore complete-query hybrid subset,completed,cfmid_generated_spectra_ms2deepscore_similarity_complete_query_hybrid,16,16,CASMI_MOL_1196803,CASMI_MOL_74535,74535,CC(C)CCCCCCCCCN(CCCCCCCCCC(C)C)CCCCCCCCCC(C)C,0.6644425635890316,finite,8,False,full_candidate_set_for_each_selected_query,103
CASMI2022,CFM-ID + MS2DeepScore complete-query hybrid subset,completed,cfmid_generated_spectra_ms2deepscore_similarity_complete_query_hybrid,16,16,CASMI_MOL_1196803,CASMI_MOL_74491,74491,CC(C)CCCCCCCCCCCCCCCCCCCCCCCCCCCCCCCCCN,0.6630228586736018,finite,9,False,full_candidate_set_for_each_selected_query,103
CASMI2022,CFM-ID + MS2DeepScore complete-query hybrid subset,completed,cfmid_generated_spectra_ms2deepscore_similarity_complete_query_hybrid,16,16,CASMI_MOL_1196803,CASMI_MOL_74521,74521,CCCCCCCCCCCCCCCCCCC(CN)CCCCCCCCCCCCCCCC,0.660172401141443,finite,10,False,full_candidate_set_for_each_selected_query,103
CASMI2022,CFM-ID + MS2DeepScore complete-query hybrid subset,completed,cfmid_generated_spectra_ms2deepscore_similarity_complete_query_hybrid,16,16,CASMI_MOL_1196803,CASMI_MOL_74495,74495,CCCCCCCCCCCC(C)N(CCCCCCCCCC)C(C)CCCCCCCCCCC,0.6597123502661764,finite,11,False,full_candidate_set_for_each_selected_query,103
CASMI2022,CFM-ID + MS2DeepScore complete-query hybrid subset,completed,cfmid_generated_spectra_ms2deepscore_similarity_complete_query_hybrid,16,16,CASMI_MOL_1196803,CASMI_MOL_74446,74446,CCCCCCCCCCCCCCCCCCCCCCN(CCCCCCC)CCCCCCC,0.6565675714489098,finite,12,False,full_candidate_set_for_each_selected_query,103
CASMI2022,CFM-ID + MS2DeepScore complete-query hybrid subset,completed,cfmid_generated_spectra_ms2deepscore_similarity_complete_query_hybrid,16,16,CASMI_MOL_1196803,CASMI_MOL_74489,74489,CCCCCCCCCCCCCCCCCCCCCCCCCCCCCCCCCCC(C)N,0.6563653042974008,finite,13,False,full_candidate_set_for_each_selected_query,103
CASMI2022,CFM-ID + MS2DeepScore complete-query hybrid subset,completed,cfmid_generated_spectra_ms2deepscore_similarity_complete_query_hybrid,16,16,CASMI_MOL_1196803,CASMI_MOL_74503,74503,CCCCC(CCC)(CCCC)N(C(CCC)(CCCC)CCCC)C(CCC)(CCCC)CCCC,0.6562072154720368,finite,14,False,full_candidate_set_for_each_selected_query,103
CASMI2022,CFM-ID + MS2DeepScore complete-query hybrid subset,completed,cfmid_generated_spectra_ms2deepscore_similarity_complete_query_hybrid,16,16,CASMI_MOL_1196803,CASMI_MOL_74525,74525,CCCCCCCCCCCCCCCCCCC(CCCCCCCCCCCCCCC)N(C)C,0.6554418476382491,finite,15,False,full_candidate_set_for_each_selected_query,103
CASMI2022,CFM-ID + MS2DeepScore complete-query hybrid subset,completed,cfmid_generated_spectra_ms2deepscore_similarity_complete_query_hybrid,16,16,CASMI_MOL_1196803,CASMI_MOL_74514,74514,CCCCCCCCCCCCCCCCCCCC(N)CCCCCCCCCCCCCCCC,0.6529979488176507,finite,16,False,full_candidate_set_for_each_selected_query,103
CASMI2022,CFM-ID + MS2DeepScore complete-query hybrid subset,completed,cfmid_generated_spectra_ms2deepscore_similarity_complete_query_hybrid,16,16,CASMI_MOL_1196803,CASMI_MOL_74448,74448,CCCCCCCCCCCCCCCCCCCCCCCCCCCCNCCCCCCCC,0.652816572818758,finite,17,False,full_candidate_set_for_each_selected_query,103
CASMI2022,CFM-ID + MS2DeepScore complete-query hybrid subset,completed,cfmid_generated_spectra_ms2deepscore_similarity_complete_query_hybrid,16,16,CASMI_MOL_1196803,CASMI_MOL_74437,74437,CCCCCCC(CCCC)CN(CC(CCCC)CCCCCC)CC(CCCC)CCCCCC,0.6521306131764176,finite,18,False,full_candidate_set_for_each_selected_query,103
CASMI2022,CFM-ID + MS2DeepScore complete-query hybrid subset,completed,cfmid_generated_spectra_ms2deepscore_similarity_complete_query_hybrid,16,16,CASMI_MOL_1196803,CASMI_MOL_74455,74455,CCCCCCCCCCCCCCCN(CCCCCC)CCCCCCCCCCCCCCC,0.6481915113161599,finite,19,False,full_candidate_set_for_each_selected_query,103
CASMI2022,CFM-ID + MS2DeepScore complete-query hybrid subset,completed,cfmid_generated_spectra_ms2deepscore_similarity_complete_query_hybrid,16,16,CASMI_MOL_1196803,CASMI_MOL_74496,74496,CCCCCCCCCCCCCCCCCCCCCCCCCCCCCCCCCCN(C)C,0.6467784387402209,finite,20,False,full_candidate_set_for_each_selected_query,103
CASMI2022,CFM-ID + MS2DeepScore complete-query hybrid subset,completed,cfmid_generated_spectra_ms2deepscore_similarity_complete_query_hybrid,16,16,CASMI_MOL_1196803,CASMI_MOL_74487,74487,CCCCCCCCCCCCCCC(CCCCCCCCCCCCCC)C(C)C(C)(N)C(C)C,0.6458915042041821,finite,21,False,full_candidate_set_for_each_selected_query,103
CASMI2022,CFM-ID + MS2DeepScore complete-query hybrid subset,completed,cfmid_generated_spectra_ms2deepscore_similarity_complete_query_hybrid,16,16,CASMI_MOL_1196803,CASMI_MOL_74522,74522,CCCCCCCCCCCCCCCCCCC(N)CCCCCCCCCCCCCCCCC,0.6451684912276688,finite,22,False,full_candidate_set_for_each_selected_query,103
CASMI2022,CFM-ID + MS2DeepScore complete-query hybrid subset,completed,cfmid_generated_spectra_ms2deepscore_similarity_complete_query_hybrid,16,16,CASMI_MOL_1196803,CASMI_MOL_74512,74512,CCCCCCCCCCCCCCCCC(CCCCCCCCCCCCCCCC)CN(C)C,0.644651913150326,finite,23,False,full_candidate_set_for_each_selected_query,103
CASMI2022,CFM-ID + MS2DeepScore complete-query hybrid subset,completed,cfmid_generated_spectra_ms2deepscore_similarity_complete_query_hybrid,16,16,CASMI_MOL_1196803,CASMI_MOL_74534,74534,CCCCCCCCCCCCCCCCCCCCCCCCCCCCCCCCCCCCN,0.6444295096840765,finite,24,False,full_candidate_set_for_each_selected_query,103
CASMI2022,CFM-ID + MS2DeepScore complete-query hybrid subset,completed,cfmid_generated_spectra_ms2deepscore_similarity_complete_query_hybrid,16,16,CASMI_MOL_1196803,CASMI_MOL_74486,74486,CCCCCCCCCCCCCCCCN(CCCCCCCCCCCCCCCC)CC(C)C,0.6442213410334057,finite,25,False,full_candidate_set_for_each_selected_query,103
CASMI2022,CFM-ID + MS2DeepScore complete-query hybrid subset,completed,cfmid_generated_spectra_ms2deepscore_similarity_complete_query_hybrid,16,16,CASMI_MOL_1196803,CASMI_MOL_74506,74506,CCCCCCCCCCCCCCCCC(CCCCCCCCCCCCCCCC)C(C)(C)N,0.64132447448208,finite,26,False,full_candidate_set_for_each_selected_query,103
CASMI2022,CFM-ID + MS2DeepScore complete-query hybrid subset,completed,cfmid_generated_spectra_ms2deepscore_similarity_complete_query_hybrid,16,16,CASMI_MOL_1196803,CASMI_MOL_74531,74531,CCCCCCCCCCCCCCCCCCCCCCNCCCCCCCCCCCCCC,0.6396675420239916,finite,27,False,full_candidate_set_for_each_selected_query,103
CASMI2022,CFM-ID + MS2DeepScore complete-query hybrid subset,completed,cfmid_generated_spectra_ms2deepscore_similarity_complete_query_hybrid,16,16,CASMI_MOL_1196803,CASMI_MOL_74517,74517,CCCCCCCCCCCCCCCCCCN(C)CCCCCCCCCCCCCCCCC,0.6392219327000559,finite,28,False,full_candidate_set_for_each_selected_query,103
CASMI2022,CFM-ID + MS2DeepScore complete-query hybrid subset,completed,cfmid_generated_spectra_ms2deepscore_similarity_complete_query_hybrid,16,16,CASMI_MOL_1196803,CASMI_MOL_74438,74438,CCCCCCCCCC(CCCCCCCCCCC(CCCCC)CCCCC)CN(CC)CC,0.6390517345479709,finite,29,False,full_candidate_set_for_each_selected_query,103
CASMI2022,CFM-ID + MS2DeepScore complete-query hybrid subset,completed,cfmid_generated_spectra_ms2deepscore_similarity_complete_query_hybrid,16,16,CASMI_MOL_1196803,CASMI_MOL_74500,74500,CCCCCCCCCCCCCCCCCCN(CC)CCCCCCCCCCCCCCCC,0.6387591827208959,finite,30,False,full_candidate_set_for_each_selected_query,103
CASMI2022,CFM-ID + MS2DeepScore complete-query hybrid subset,completed,cfmid_generated_spectra_ms2deepscore_similarity_complete_query_hybrid,16,16,CASMI_MOL_1196803,CASMI_MOL_74484,74484,CCCCCCCCCC(C)(C)N(C(C)(C)CCCCCCCCC)C(C)(C)CCCCCCCCC,0.6385516386322933,finite,31,False,full_candidate_set_for_each_selected_query,103
CASMI2022,CFM-ID + MS2DeepScore complete-query hybrid subset,completed,cfmid_generated_spectra_ms2deepscore_similarity_complete_query_hybrid,16,16,CASMI_MOL_1196803,CASMI_MOL_74488,74488,CCC(C)(C)CCCC(C)(C)CC(CC(C)(C)CCCC(C)(C)CC(C)C)C(C)(C)CCCC(C)(C)N,0.6372441806001277,finite,32,False,full_candidate_set_for_each_selected_query,103
CASMI2022,CFM-ID + MS2DeepScore complete-query hybrid subset,completed,cfmid_generated_spectra_ms2deepscore_similarity_complete_query_hybrid,16,16,CASMI_MOL_1196803,CASMI_MOL_74520,74520,CCCCCCCCCCCCCCCCCCCN(C)CCCCCCCCCCCCCCCC,0.637057956928393,finite,33,False,full_candidate_set_for_each_selected_query,103
CASMI2022,CFM-ID + MS2DeepScore complete-query hybrid subset,completed,cfmid_generated_spectra_ms2deepscore_similarity_complete_query_hybrid,16,16,CASMI_MOL_1196803,CASMI_MOL_74505,74505,CCCCCCCCCCCCC(N)(CCCCCCCCCCC)CCCCCCCCCCCC,0.6359978507817003,finite,34,False,full_candidate_set_for_each_selected_query,103
CASMI2022,CFM-ID + MS2DeepScore complete-query hybrid subset,completed,cfmid_generated_spectra_ms2deepscore_similarity_complete_query_hybrid,16,16,CASMI_MOL_1196803,CASMI_MOL_74436,74436,CCCCCCCCCCCCCCCCNCCCCCCCCCCCCCCCCCC(C)C,0.6359566066416404,finite,35,False,full_candidate_set_for_each_selected_query,103
CASMI2022,CFM-ID + MS2DeepScore complete-query hybrid subset,completed,cfmid_generated_spectra_ms2deepscore_similarity_complete_query_hybrid,16,16,CASMI_MOL_1196803,CASMI_MOL_74485,74485,CCCCCCCCCCCCCCCCN(CCCCCC)CCCCCCCCCCCCCC,0.6358972548740691,finite,36,False,full_candidate_set_for_each_selected_query,103
CASMI2022,CFM-ID + MS2DeepScore complete-query hybrid subset,completed,cfmid_generated_spectra_ms2deepscore_similarity_complete_query_hybrid,16,16,CASMI_MOL_1196803,CASMI_MOL_74537,74537,CCCCCCCCCCCCCCCCCCNCCCCCCCCCCCCCCCCCC,0.6353699608944483,finite,37,False,full_candidate_set_for_each_selected_query,103
CASMI2022,CFM-ID + MS2DeepScore complete-query hybrid subset,completed,cfmid_generated_spectra_ms2deepscore_similarity_complete_query_hybrid,16,16,CASMI_MOL_1196803,CASMI_MOL_74474,74474,CCCCCCCCCCCCCCN(CCCCCCCC)CCCCCCCCCCCCCC,0.6353350555630226,finite,38,False,full_candidate_set_for_each_selected_query,103
CASMI2022,CFM-ID + MS2DeepScore complete-query hybrid subset,completed,cfmid_generated_spectra_ms2deepscore_similarity_complete_query_hybrid,16,16,CASMI_MOL_1196803,CASMI_MOL_74533,74533,CCCCCCCCCCCCCCCCCC(CCCCCCCCCCCCCCCC)N(C)C,0.6352346728231422,finite,39,False,full_candidate_set_for_each_selected_query,103
CASMI2022,CFM-ID + MS2DeepScore complete-query hybrid subset,completed,cfmid_generated_spectra_ms2deepscore_similarity_complete_query_hybrid,16,16,CASMI_MOL_1196803,CASMI_MOL_74518,74518,CCCCCCCCCCCCCCCCCCCCC(CN)CCCCCCCCCCCCCC,0.6351543649945836,finite,40,False,full_candidate_set_for_each_selected_query,103
CASMI2022,CFM-ID + MS2DeepScore complete-query hybrid subset,completed,cfmid_generated_spectra_ms2deepscore_similarity_complete_query_hybrid,16,16,CASMI_MOL_1196803,CASMI_MOL_74515,74515,CCCCCCCCCCCCCCCCN(CCCC)CCCCCCCCCCCCCCCC,0.6331203075504558,finite,41,False,full_candidate_set_for_each_selected_query,103
CASMI2022,CFM-ID + MS2DeepScore complete-query hybrid subset,completed,cfmid_generated_spectra_ms2deepscore_similarity_complete_query_hybrid,16,16,CASMI_MOL_1196803,CASMI_MOL_74526,74526,CC(C)CCCCCCCCCCCCCCCNCCCCCCCCCCCCCCCC(C)C,0.6326794249369614,finite,42,False,full_candidate_set_for_each_selected_query,103
CASMI2022,CFM-ID + MS2DeepScore complete-query hybrid subset,completed,cfmid_generated_spectra_ms2deepscore_similarity_complete_query_hybrid,16,16,CASMI_MOL_1196803,CASMI_MOL_74502,74502,CCCCCCCCCCCCCCCCCCNC(CC)CCCCCCCCCCCCCCC,0.6312814713372894,finite,43,False,full_candidate_set_for_each_selected_query,103
CASMI2022,CFM-ID + MS2DeepScore complete-query hybrid subset,completed,cfmid_generated_spectra_ms2deepscore_similarity_complete_query_hybrid,16,16,CASMI_MOL_1196803,CASMI_MOL_74501,74501,CCCCCCCCCCCCCCCCCC(N)(CC)CCCCCCCCCCCCCCCC,0.6307292094372225,finite,44,False,full_candidate_set_for_each_selected_query,103
CASMI2022,CFM-ID + MS2DeepScore complete-query hybrid subset,completed,cfmid_generated_spectra_ms2deepscore_similarity_complete_query_hybrid,16,16,CASMI_MOL_1196803,CASMI_MOL_74516,74516,CCCCCCCCCCCCCCCC(C)(C)NC(C)(C)CCCCCCCCCCCCCCC,0.6250665432380614,finite,45,False,full_candidate_set_for_each_selected_query,103
CASMI2022,CFM-ID + MS2DeepScore complete-query hybrid subset,completed,cfmid_generated_spectra_ms2deepscore_similarity_complete_query_hybrid,16,16,CASMI_MOL_1196803,CASMI_MOL_74458,74458,CCCCCCCCCCCCCCN(CCCCCCCCCCCCCC)C(C)(C)CC(C)(C)C,0.62483641516259,finite,46,False,full_candidate_set_for_each_selected_query,103
CASMI2022,CFM-ID + MS2DeepScore complete-query hybrid subset,completed,cfmid_generated_spectra_ms2deepscore_similarity_complete_query_hybrid,16,16,CASMI_MOL_1196803,CASMI_MOL_74490,74490,CCCCCCCCCCCCCCCCCC(CCCCCCCCCCCCCCCCC)NC,0.6215930580196286,finite,47,False,full_candidate_set_for_each_selected_query,103
CASMI2022,CFM-ID + MS2DeepScore complete-query hybrid subset,completed,cfmid_generated_spectra_ms2deepscore_similarity_complete_query_hybrid,16,16,CASMI_MOL_1196803,CASMI_MOL_74456,74456,CCCCCCCCCCCCCCCN(CCCCCCCCCCCCCCC)C(C)(C)CCC,0.6205916216534186,finite,48,False,full_candidate_set_for_each_selected_query,103
CASMI2022,CFM-ID + MS2DeepScore complete-query hybrid subset,completed,cfmid_generated_spectra_ms2deepscore_similarity_complete_query_hybrid,16,16,CASMI_MOL_1196803,CASMI_MOL_74443,74443,CCCCCCCCC(CCCCCCCC)CNCC(CCCCCCCC)CCCCCCCC,0.6192566031276596,finite,49,False,full_candidate_set_for_each_selected_query,103
CASMI2022,CFM-ID + MS2DeepScore complete-query hybrid subset,completed,cfmid_generated_spectra_ms2deepscore_similarity_complete_query_hybrid,16,16,CASMI_MOL_1196803,CASMI_MOL_74497,74497,CCCCCCCCCCCCCCCCC(N)(CCC)CCCCCCCCCCCCCCCC,0.6184908237287846,finite,50,False,full_candidate_set_for_each_selected_query,103
CASMI2022,CFM-ID + MS2DeepScore complete-query hybrid subset,completed,cfmid_generated_spectra_ms2deepscore_similarity_complete_query_hybrid,16,16,CASMI_MOL_1196803,CASMI_MOL_74513,74513,CCCCCCCCCCCCCCCCC(C)(CCCCCCCCCCCCCCCC)N(C)C,0.6160741522590452,finite,51,False,full_candidate_set_for_each_selected_query,103
CASMI2022,CFM-ID + MS2DeepScore complete-query hybrid subset,completed,cfmid_generated_spectra_ms2deepscore_similarity_complete_query_hybrid,16,16,CASMI_MOL_1196803,CASMI_MOL_74478,74478,CCCCCCCCCCCCCCCCCCN(C(C)(C)CCCCCC)C(C)(C)CCCCCC,0.6144651944129268,finite,52,False,full_candidate_set_for_each_selected_query,103
CASMI2022,CFM-ID + MS2DeepScore complete-query hybrid subset,completed,cfmid_generated_spectra_ms2deepscore_similarity_complete_query_hybrid,16,16,CASMI_MOL_1196803,CASMI_MOL_74508,74508,CCCCCCCCCCCCCCCCC(C)NC(C)CCCCCCCCCCCCCCCC,0.6136657570737125,finite,53,False,full_candidate_set_for_each_selected_query,103
CASMI2022,CFM-ID + MS2DeepScore complete-query hybrid subset,completed,cfmid_generated_spectra_ms2deepscore_similarity_complete_query_hybrid,16,16,CASMI_MOL_1196803,CASMI_MOL_74483,74483,CCCCCCCCCCCCCN(CCCCCCCCCC)CCCCCCCCCCCCC,0.6133366517887208,finite,54,False,full_candidate_set_for_each_selected_query,103
CASMI2022,CFM-ID + MS2DeepScore complete-query hybrid subset,completed,cfmid_generated_spectra_ms2deepscore_similarity_complete_query_hybrid,16,16,CASMI_MOL_1196803,CASMI_MOL_74472,74472,CCCCCCN(CCCCCCCCCCCCC(C)C)CCCCCCCCCCCCC(C)C,0.612087469067112,finite,55,False,full_candidate_set_for_each_selected_query,103
CASMI2022,CFM-ID + MS2DeepScore complete-query hybrid subset,completed,cfmid_generated_spectra_ms2deepscore_similarity_complete_query_hybrid,16,16,CASMI_MOL_1196803,CASMI_MOL_74449,74449,CCCCCCCCCCC(C)N(C(C)CCCCCCCCCC)C(C)CCCCCCCCCC,0.6118477299492432,finite,56,False,full_candidate_set_for_each_selected_query,103
CASMI2022,CFM-ID + MS2DeepScore complete-query hybrid subset,completed,cfmid_generated_spectra_ms2deepscore_similarity_complete_query_hybrid,16,16,CASMI_MOL_1196803,CASMI_MOL_74530,74530,CCCCCCCCCCCCCCCCCCCCNCCCCCCCCCCCCCCCC,0.6116434538146315,finite,57,False,full_candidate_set_for_each_selected_query,103
CASMI2022,CFM-ID + MS2DeepScore complete-query hybrid subset,completed,cfmid_generated_spectra_ms2deepscore_similarity_complete_query_hybrid,16,16,CASMI_MOL_1196803,CASMI_MOL_74510,74510,CCCCCCC(CCCCCC)(CCCCCC)CCCCCCCCCCCCCCCCCN,0.610957838084289,finite,58,False,full_candidate_set_for_each_selected_query,103
CASMI2022,CFM-ID + MS2DeepScore complete-query hybrid subset,completed,cfmid_generated_spectra_ms2deepscore_similarity_complete_query_hybrid,16,16,CASMI_MOL_1196803,CASMI_MOL_74499,74499,CCCCCCCCCCCCCCCCCCC(CCCCCCCCC)NCCCCCCCC,0.6079611802571797,finite,59,False,full_candidate_set_for_each_selected_query,103
CASMI2022,CFM-ID + MS2DeepScore complete-query hybrid subset,completed,cfmid_generated_spectra_ms2deepscore_similarity_complete_query_hybrid,16,16,CASMI_MOL_1196803,CASMI_MOL_74519,74519,CCCCCCCCCCCCNC(CCCCCCCCCCC)CCCCCCCCCCCC,0.6076379965971391,finite,60,False,full_candidate_set_for_each_selected_query,103
CASMI2022,CFM-ID + MS2DeepScore complete-query hybrid subset,completed,cfmid_generated_spectra_ms2deepscore_similarity_complete_query_hybrid,16,16,CASMI_MOL_1196803,CASMI_MOL_74529,74529,CCCCCCCCCCCCCCCCCCCCCCCCNCCCCCCCCCCCC,0.6070785320930798,finite,61,False,full_candidate_set_for_each_selected_query,103
CASMI2022,CFM-ID + MS2DeepScore complete-query hybrid subset,completed,cfmid_generated_spectra_ms2deepscore_similarity_complete_query_hybrid,16,16,CASMI_MOL_1196803,CASMI_MOL_74475,74475,CCCCCCCCCCCC(C)(C)N(CCCCCCCC)C(C)(C)CCCCCCCCCCC,0.606712073934264,finite,62,False,full_candidate_set_for_each_selected_query,103
CASMI2022,CFM-ID + MS2DeepScore complete-query hybrid subset,completed,cfmid_generated_spectra_ms2deepscore_similarity_complete_query_hybrid,16,16,CASMI_MOL_1196803,CASMI_MOL_74442,74442,CCCCCCCCC(CCCCCCC(C)C)N(CCCCCCCC)CCCCCCCC(C)C,0.605404340030401,finite,63,False,full_candidate_set_for_each_selected_query,103
CASMI2022,CFM-ID + MS2DeepScore complete-query hybrid subset,completed,cfmid_generated_spectra_ms2deepscore_similarity_complete_query_hybrid,16,16,CASMI_MOL_1196803,CASMI_MOL_74459,74459,CCCCN(CCCCCCCCCCCCCC(C)C)CCCCCCCCCCCCCC(C)C,0.6045493431857408,finite,64,False,full_candidate_set_for_each_selected_query,103
CASMI2022,CFM-ID + MS2DeepScore complete-query hybrid subset,completed,cfmid_generated_spectra_ms2deepscore_similarity_complete_query_hybrid,16,16,CASMI_MOL_1196803,CASMI_MOL_74468,74468,CCN(CCCCCCCCCCCCCCC(C)C)CCCCCCCCCCCCCCC(C)C,0.6042324117156567,finite,65,False,full_candidate_set_for_each_selected_query,103
CASMI2022,CFM-ID + MS2DeepScore complete-query hybrid subset,completed,cfmid_generated_spectra_ms2deepscore_similarity_complete_query_hybrid,16,16,CASMI_MOL_1196803,CASMI_MOL_74451,74451,CCCCCCCCCCCCCCCCN(CCCCCCCC(C)C)CCCCCCCC(C)C,0.6037475898955069,finite,66,False,full_candidate_set_for_each_selected_query,103
CASMI2022,CFM-ID + MS2DeepScore complete-query hybrid subset,completed,cfmid_generated_spectra_ms2deepscore_similarity_complete_query_hybrid,16,16,CASMI_MOL_1196803,CASMI_MOL_74509,74509,CCCCCCCCCCCCCCCCC(CCCCCC)C(N)(CCCCCC)CCCCCC,0.6034712836085367,finite,67,False,full_candidate_set_for_each_selected_query,103
CASMI2022,CFM-ID + MS2DeepScore complete-query hybrid subset,completed,cfmid_generated_spectra_ms2deepscore_similarity_complete_query_hybrid,16,16,CASMI_MOL_1196803,CASMI_MOL_74482,74482,CCCCCCCCCCN(C(C)(C)CCCCCCCCCC)C(C)(C)CCCCCCCCCC,0.6033038848001017,finite,68,False,full_candidate_set_for_each_selected_query,103
CASMI2022,CFM-ID + MS2DeepScore complete-query hybrid subset,completed,cfmid_generated_spectra_ms2deepscore_similarity_complete_query_hybrid,16,16,CASMI_MOL_1196803,CASMI_MOL_74466,74466,CCCCCCCCCCCCCCC(C)(C)N(CC)C(C)(C)CCCCCCCCCCCCCC,0.6031891011409106,finite,69,False,full_candidate_set_for_each_selected_query,103
CASMI2022,CFM-ID + MS2DeepScore complete-query hybrid subset,completed,cfmid_generated_spectra_ms2deepscore_similarity_complete_query_hybrid,16,16,CASMI_MOL_1196803,CASMI_MOL_74523,74523,CCCCCCCCCC(CCCCCCCC)NC(CCCCCCCC)CCCCCCCCC,0.6030174270374185,finite,70,False,full_candidate_set_for_each_selected_query,103
CASMI2022,CFM-ID + MS2DeepScore complete-query hybrid subset,completed,cfmid_generated_spectra_ms2deepscore_similarity_complete_query_hybrid,16,16,CASMI_MOL_1196803,CASMI_MOL_74528,74528,CCCCCCCCCCCCCCCCCCCCN(CC)CCCCCCCCCCCCCC,0.6015834191776352,finite,71,False,full_candidate_set_for_each_selected_query,103
CASMI2022,CFM-ID + MS2DeepScore complete-query hybrid subset,completed,cfmid_generated_spectra_ms2deepscore_similarity_complete_query_hybrid,16,16,CASMI_MOL_1196803,CASMI_MOL_74467,74467,CCCCCCCCCCCCCCN(CCCCCCCCCCCCCC)CCCCCC(C)C,0.6015120339247991,finite,72,False,full_candidate_set_for_each_selected_query,103
CASMI2022,CFM-ID + MS2DeepScore complete-query hybrid subset,completed,cfmid_generated_spectra_ms2deepscore_similarity_complete_query_hybrid,16,16,CASMI_MOL_1196803,CASMI_MOL_74479,74479,CCCCCCCCCCCCCC(C)(C)N(CCCC)C(C)(C)CCCCCCCCCCCCC,0.601477535568975,finite,73,False,full_candidate_set_for_each_selected_query,103
CASMI2022,CFM-ID + MS2DeepScore complete-query hybrid subset,completed,cfmid_generated_spectra_ms2deepscore_similarity_complete_query_hybrid,16,16,CASMI_MOL_1196803,CASMI_MOL_74476,74476,CCCCCCCCCCCN(CCCCCCCCCCC)CCCCCCCCCCCC(C)C,0.6010760560828563,finite,74,False,full_candidate_set_for_each_selected_query,103
CASMI2022,CFM-ID + MS2DeepScore complete-query hybrid subset,completed,cfmid_generated_spectra_ms2deepscore_similarity_complete_query_hybrid,16,16,CASMI_MOL_1196803,CASMI_MOL_74441,74441,CCCCCCCCCCCCCCCCCCCCCCCN(C)CCCCCCCCCCCC,0.5994325957590114,finite,75,False,full_candidate_set_for_each_selected_query,103
CASMI2022,CFM-ID + MS2DeepScore complete-query hybrid subset,completed,cfmid_generated_spectra_ms2deepscore_similarity_complete_query_hybrid,16,16,CASMI_MOL_1196803,CASMI_MOL_74469,74469,CCCCCCCCCCN(CCCCCCCCCCC(C)C)CCCCCCCCCCC(C)C,0.5992395518142114,finite,76,False,full_candidate_set_for_each_selected_query,103
CASMI2022,CFM-ID + MS2DeepScore complete-query hybrid subset,completed,cfmid_generated_spectra_ms2deepscore_similarity_complete_query_hybrid,16,16,CASMI_MOL_1196803,CASMI_MOL_74457,74457,CCCCCCCCCCCCCCCCN(C(C)(C)CCCCCCC)C(C)(C)CCCCCCC,0.598859520455089,finite,77,False,full_candidate_set_for_each_selected_query,103
CASMI2022,CFM-ID + MS2DeepScore complete-query hybrid subset,completed,cfmid_generated_spectra_ms2deepscore_similarity_complete_query_hybrid,16,16,CASMI_MOL_1196803,CASMI_MOL_74452,74452,CCCCCCCCCCCCCCN(CCCCCCCCC(C)C)CCCCCCCCC(C)C,0.5969824136841699,finite,78,False,full_candidate_set_for_each_selected_query,103
CASMI2022,CFM-ID + MS2DeepScore complete-query hybrid subset,completed,cfmid_generated_spectra_ms2deepscore_similarity_complete_query_hybrid,16,16,CASMI_MOL_1196803,CASMI_MOL_74524,74524,CCCCCCCCCCCC(C)C(N)(CCCCCCCCCCC)CCCCCCCCCCC,0.5969284200423067,finite,79,False,full_candidate_set_for_each_selected_query,103
CASMI2022,CFM-ID + MS2DeepScore complete-query hybrid subset,completed,cfmid_generated_spectra_ms2deepscore_similarity_complete_query_hybrid,16,16,CASMI_MOL_1196803,CASMI_MOL_74532,74532,CCCCCCCCCCC(CCCCCCCC)C(N)(CCCCCCCC)CCCCCCCC,0.5945026323599436,finite,80,False,full_candidate_set_for_each_selected_query,103
CASMI2022,CFM-ID + MS2DeepScore complete-query hybrid subset,completed,cfmid_generated_spectra_ms2deepscore_similarity_complete_query_hybrid,16,16,CASMI_MOL_1196803,CASMI_MOL_74493,74493,CCCCCCCCCCCCCCCCCCN(CCCCCCCCC)CCCCCCCCC,0.5943582174917056,finite,81,False,full_candidate_set_for_each_selected_query,103
CASMI2022,CFM-ID + MS2DeepScore complete-query hybrid subset,completed,cfmid_generated_spectra_ms2deepscore_similarity_complete_query_hybrid,16,16,CASMI_MOL_1196803,CASMI_MOL_74480,74480,CCCCCCCCCCCCCCN(CCCCCCCCCCC)CCCCCCCCCCC,0.5936363866764032,finite,82,False,full_candidate_set_for_each_selected_query,103
CASMI2022,CFM-ID + MS2DeepScore complete-query hybrid subset,completed,cfmid_generated_spectra_ms2deepscore_similarity_complete_query_hybrid,16,16,CASMI_MOL_1196803,CASMI_MOL_74507,74507,CCCCCCCCCCCCCCCCN(CCCCCCCCCCCCCCCC)C(C)(C)C,0.5931132013419117,finite,83,False,full_candidate_set_for_each_selected_query,103
CASMI2022,CFM-ID + MS2DeepScore complete-query hybrid subset,completed,cfmid_generated_spectra_ms2deepscore_similarity_complete_query_hybrid,16,16,CASMI_MOL_1196803,CASMI_MOL_74470,74470,CCCCCCCCCCCCCCCCCN(CC)CCCCCCCCCCCCCCCCC,0.5927190005419667,finite,84,False,full_candidate_set_for_each_selected_query,103
CASMI2022,CFM-ID + MS2DeepScore complete-query hybrid subset,completed,cfmid_generated_spectra_ms2deepscore_similarity_complete_query_hybrid,16,16,CASMI_MOL_1196803,CASMI_MOL_74447,74447,CCCCCCCCCCCCCCCCCCCCCCN(CC)CCCCCCCCCCCC,0.5916802772779207,finite,85,False,full_candidate_set_for_each_selected_query,103
CASMI2022,CFM-ID + MS2DeepScore complete-query hybrid subset,completed,cfmid_generated_spectra_ms2deepscore_similarity_complete_query_hybrid,16,16,CASMI_MOL_1196803,CASMI_MOL_74453,74453,CCCCCCCCCCCCCCCCN(CCCCCCCCCC)CCCCCCCCCC,0.5896635022809129,finite,86,False,full_candidate_set_for_each_selected_query,103
CASMI2022,CFM-ID + MS2DeepScore complete-query hybrid subset,completed,cfmid_generated_spectra_ms2deepscore_similarity_complete_query_hybrid,16,16,CASMI_MOL_1196803,CASMI_MOL_74462,74462,CCCCCCCCCCCCCCN(C(C)(C)CCCCCCCC)C(C)(C)CCCCCCCC,0.5896429655785022,finite,87,False,full_candidate_set_for_each_selected_query,103
CASMI2022,CFM-ID + MS2DeepScore complete-query hybrid subset,completed,cfmid_generated_spectra_ms2deepscore_similarity_complete_query_hybrid,16,16,CASMI_MOL_1196803,CASMI_MOL_74494,74494,CCCCCCCCCCCCCCCCCCC(CCCCCCCC)CCCCCCCCCN,0.5886741995420653,finite,88,False,full_candidate_set_for_each_selected_query,103
CASMI2022,CFM-ID + MS2DeepScore complete-query hybrid subset,completed,cfmid_generated_spectra_ms2deepscore_similarity_complete_query_hybrid,16,16,CASMI_MOL_1196803,CASMI_MOL_74450,74450,CCCCCCCCCCCCCCCC(C)(C)N(CCCCCCCCC)CCCCCCCCC,0.5874002540879856,finite,89,False,full_candidate_set_for_each_selected_query,103
CASMI2022,CFM-ID + MS2DeepScore complete-query hybrid subset,completed,cfmid_generated_spectra_ms2deepscore_similarity_complete_query_hybrid,16,16,CASMI_MOL_1196803,CASMI_MOL_74481,74481,CCCCCCCCCCCN(CCCCCCCCCCC)C(C)(C)CCCCCCCCCCC,0.586490022259047,finite,90,False,full_candidate_set_for_each_selected_query,103
CASMI2022,CFM-ID + MS2DeepScore complete-query hybrid subset,completed,cfmid_generated_spectra_ms2deepscore_similarity_complete_query_hybrid,16,16,CASMI_MOL_1196803,CASMI_MOL_74444,74444,CCCCCCCCCCC(CCCCCC)CNCC(CCCCCC)CCCCCCCCCC,0.5859240060414636,finite,91,False,full_candidate_set_for_each_selected_query,103
CASMI2022,CFM-ID + MS2DeepScore complete-query hybrid subset,completed,cfmid_generated_spectra_ms2deepscore_similarity_complete_query_hybrid,16,16,CASMI_MOL_1196803,CASMI_MOL_74511,74511,CCCCCCCCCCCCCCCCCC(N)C(C)(C)CCCCCCCCCCCCCCC,0.5844576342678486,finite,92,False,full_candidate_set_for_each_selected_query,103
CASMI2022,CFM-ID + MS2DeepScore complete-query hybrid subset,completed,cfmid_generated_spectra_ms2deepscore_similarity_complete_query_hybrid,16,16,CASMI_MOL_1196803,CASMI_MOL_74477,74477,CCCCCCCCCCCCC(C)(C)N(CCCCCC)C(C)(C)CCCCCCCCCCCC,0.5831430824974738,finite,93,False,full_candidate_set_for_each_selected_query,103
CASMI2022,CFM-ID + MS2DeepScore complete-query hybrid subset,completed,cfmid_generated_spectra_ms2deepscore_similarity_complete_query_hybrid,16,16,CASMI_MOL_1196803,CASMI_MOL_74527,74527,CCCCCCCCCCCCCCCCCCN(CCCCCCCC)CCCCCCCCCC,0.5825040322733346,finite,94,False,full_candidate_set_for_each_selected_query,103
CASMI2022,CFM-ID + MS2DeepScore complete-query hybrid subset,completed,cfmid_generated_spectra_ms2deepscore_similarity_complete_query_hybrid,16,16,CASMI_MOL_1196803,CASMI_MOL_74463,74463,CCCCCCCCN(CCCCCCCCCCCC(C)C)CCCCCCCCCCCC(C)C,0.576180642245478,finite,95,False,full_candidate_set_for_each_selected_query,103
CASMI2022,CFM-ID + MS2DeepScore complete-query hybrid subset,completed,cfmid_generated_spectra_ms2deepscore_similarity_complete_query_hybrid,16,16,CASMI_MOL_1196803,CASMI_MOL_74471,74471,CCCCCCCCCCCCCCCCCCN(CCCCCCC(C)C)CCCCCCC(C)C,0.5756960140711264,finite,96,False,full_candidate_set_for_each_selected_query,103
CASMI2022,CFM-ID + MS2DeepScore complete-query hybrid subset,completed,cfmid_generated_spectra_ms2deepscore_similarity_complete_query_hybrid,16,16,CASMI_MOL_1196803,CASMI_MOL_74473,74473,CCCCCCCCCCCCCN(CCCCCCCCCCCCC)C(C)(C)CCCCCCC,0.5728825106020413,finite,97,False,full_candidate_set_for_each_selected_query,103
CASMI2022,CFM-ID + MS2DeepScore complete-query hybrid subset,completed,cfmid_generated_spectra_ms2deepscore_similarity_complete_query_hybrid,16,16,CASMI_MOL_1196803,CASMI_MOL_74465,74465,CCCCCCCCCCCCCC(C)(C)N(CCCCCCCCCC)CCCCCCCCCC,0.5685361084461608,finite,98,False,full_candidate_set_for_each_selected_query,103
CASMI2022,CFM-ID + MS2DeepScore complete-query hybrid subset,completed,cfmid_generated_spectra_ms2deepscore_similarity_complete_query_hybrid,16,16,CASMI_MOL_1196803,CASMI_MOL_74492,74492,CCCCCCCCCCCCCCCCCCNC(C)(C)CCCCCCCCCCCCCCC,0.5637787232752315,finite,99,False,full_candidate_set_for_each_selected_query,103
CASMI2022,CFM-ID + MS2DeepScore complete-query hybrid subset,completed,cfmid_generated_spectra_ms2deepscore_similarity_complete_query_hybrid,16,16,CASMI_MOL_1196803,CASMI_MOL_74464,74464,CCCCCCCCCN(CCCCCCCCC)CCCCCCCCCCCCCCCC(C)C,0.5571254381594638,finite,100,False,full_candidate_set_for_each_selected_query,103
CASMI2022,CFM-ID + MS2DeepScore complete-query hybrid subset,completed,cfmid_generated_spectra_ms2deepscore_similarity_complete_query_hybrid,16,16,CASMI_MOL_1196803,CASMI_MOL_74439,74439,CCCCCCCCC(CCCCCCCC)(CCCCCCCC)CCCCCCCCCCCN,0.5489296162923479,finite,101,False,full_candidate_set_for_each_selected_query,103
CASMI2022,CFM-ID + MS2DeepScore complete-query hybrid subset,completed,cfmid_generated_spectra_ms2deepscore_similarity_complete_query_hybrid,16,16,CASMI_MOL_1196803,CASMI_MOL_74460,74460,CCCCCCCCCCCCCN(CCCCCCCCCCCCC)CCCCCCCC(C)C,0.5444186918406233,finite,102,False,full_candidate_set_for_each_selected_query,103
CASMI2022,CFM-ID + MS2DeepScore complete-query hybrid subset,completed,cfmid_generated_spectra_ms2deepscore_similarity_complete_query_hybrid,16,16,CASMI_MOL_1196803,CASMI_MOL_74454,74454,CCCCCCCCCCN(CCCCCCCCCC)CCCCCCCCCCCCCC(C)C,0.5382127657822017,finite,103,False,full_candidate_set_for_each_selected_query,103
