dataset,spectrum_id,query_id,model,candidate_id,candidate_smiles,candidate_inchikey,candidate_formula,rank,score,true_inchikey,true_smiles,true_formula,is_correct,score_source,native_or_fallback,tool_version,error_message
CASMI2022,0,0,CFM-ID,,,,,,,CASMI_MOL_1196787,COc1ccc(-c2oc3c(CC=C(C)C)c(O)cc(O)c3c(=O)c2OC2OC(C)C(OC(C)=O)C(OC3OC(CO)C(O)C(O)C3O)C2O)cc1,C35H42O16,False,,native_unavailable,,CFM-ID native CASMI execution/export parser is unavailable in this repository run; fallback disabled.
CASMI2022,1,1,CFM-ID,,,,,,,CASMI_MOL_1196788,CC(C)CC(O)C(=O)NC(C(=O)OC(C(=O)NC(CC(C)C)C(=O)O)C(C)C)C(C)C,C22H40N2O7,False,,native_unavailable,,CFM-ID native CASMI execution/export parser is unavailable in this repository run; fallback disabled.
CASMI2022,2,2,CFM-ID,,,,,,,CASMI_MOL_1196789,CC(=O)OC12CC(C)C(O)C1C=C(C)C(OC(=O)CCC(=O)O)CC1C(=CC(C)C2=O)C1(C)C,C26H36O8,False,,native_unavailable,,CFM-ID native CASMI execution/export parser is unavailable in this repository run; fallback disabled.
CASMI2022,3,3,CFM-ID,,,,,,,CASMI_MOL_1196790,CN(C)CCc1c[nH]c2ccc(CS(=O)(=O)N3CCCC3)cc12,C17H25N3O2S,False,,native_unavailable,,CFM-ID native CASMI execution/export parser is unavailable in this repository run; fallback disabled.
CASMI2022,4,4,CFM-ID,,,,,,,CASMI_MOL_1196791,Cn1c(CNc2ccc(C(=N)N)cc2)nc2cc(C(=O)N(CCC(=O)O)c3ccccn3)ccc21,C25H25N7O3,False,,native_unavailable,,CFM-ID native CASMI execution/export parser is unavailable in this repository run; fallback disabled.
CASMI2022,5,5,CFM-ID,,,,,,,CASMI_MOL_1196792,CCCC(=O)OCC(OC(=O)CCC)C(OC(=O)CCC)C(Cn1c2nc(=O)[nH]c(=O)c-2nc2cc(C)c(C)cc21)OC(=O)CCC,C33H44N4O10,False,,native_unavailable,,CFM-ID native CASMI execution/export parser is unavailable in this repository run; fallback disabled.
CASMI2022,6,6,CFM-ID,,,,,,,CASMI_MOL_1196793,CC1CCC2(C(=O)O)CCC3(C)C(=CCC4C5(C)CC(O)C(O)C(C)(C(=O)O)C5CCC43C)C2C1(C)O,C30H46O7,False,,native_unavailable,,CFM-ID native CASMI execution/export parser is unavailable in this repository run; fallback disabled.
CASMI2022,7,7,CFM-ID,,,,,,,CASMI_MOL_1196794,CCC1(C)C(=O)C=Cc2c1oc(C)c(C)c2=O,C14H16O3,False,,native_unavailable,,CFM-ID native CASMI execution/export parser is unavailable in this repository run; fallback disabled.
CASMI2022,8,8,CFM-ID,,,,,,,CASMI_MOL_1196795,CC1(C(O)COC2OC(CO)C(O)C(O)C2O)CCC2C3(C)CCCC(C)(C(=O)O)C3CC(O)C2(O)C1,C26H44O11,False,,native_unavailable,,CFM-ID native CASMI execution/export parser is unavailable in this repository run; fallback disabled.
CASMI2022,9,9,CFM-ID,,,,,,,CASMI_MOL_1196796,Cc1ccc(C2(c3ccc(C)c(O)c3)OC(=O)c3ccccc32)cc1O,C22H18O4,False,,native_unavailable,,CFM-ID native CASMI execution/export parser is unavailable in this repository run; fallback disabled.
CASMI2022,10,10,CFM-ID,,,,,,,CASMI_MOL_1196797,Cc1cc(SCc2sc(-c3ccc(C(F)(F)F)cc3)nc2C)ccc1OCC(=O)O,C21H18F3NO3S2,False,,native_unavailable,,CFM-ID native CASMI execution/export parser is unavailable in this repository run; fallback disabled.
CASMI2022,11,11,CFM-ID,,,,,,,CASMI_MOL_1196798,CCCc1nn(C)c2c(=O)[nH]c(-c3cc(S(=O)(=O)N4CCN(CC)CC4)ccc3OCC)nc12,C23H32N6O4S,False,,native_unavailable,,CFM-ID native CASMI execution/export parser is unavailable in this repository run; fallback disabled.
CASMI2022,12,12,CFM-ID,,,,,,,CASMI_MOL_1196799,CC(C)NC(=O)CCc1ccccc1,C12H17NO,False,,native_unavailable,,CFM-ID native CASMI execution/export parser is unavailable in this repository run; fallback disabled.
CASMI2022,13,13,CFM-ID,,,,,,,CASMI_MOL_1196800,CC(=O)OC(C1CC(C)C(C2(C)CCC34CC35CCC(OC3OCC(O)C(O)C3O)C(C)(C)C5CCC4C2(C)C(=O)O)C(=O)O1)C(C)(C)O,C37H58O12,False,,native_unavailable,,CFM-ID native CASMI execution/export parser is unavailable in this repository run; fallback disabled.
CASMI2022,14,14,CFM-ID,,,,,,,CASMI_MOL_1196801,COc1ccc(C(O)C(C)Oc2ccc(C3OC(c4ccc5c(c4)OCO5)C(C)C3C)cc2OC)cc1O,C30H34O8,False,,native_unavailable,,CFM-ID native CASMI execution/export parser is unavailable in this repository run; fallback disabled.
CASMI2022,15,15,CFM-ID,,,,,,,CASMI_MOL_1196802,CCCc1nn(C)c2c(=O)[nH]c(-c3cc(S(=O)(=O)N4CCN(CCO)CC4)ccc3OCC)nc12,C23H32N6O5S,False,,native_unavailable,,CFM-ID native CASMI execution/export parser is unavailable in this repository run; fallback disabled.
CASMI2022,16,16,CFM-ID,,,,,,,CASMI_MOL_1196803,CCCCCCCCCCCCN(CCCCCCCCCCCC)CCCCCCCCCCCC,C36H75N,False,,native_unavailable,,CFM-ID native CASMI execution/export parser is unavailable in this repository run; fallback disabled.
CASMI2022,17,17,CFM-ID,,,,,,,CASMI_MOL_1196804,CC1=C(C(=O)O)CC2(C)CCC3C(C)(O)CCC132,C15H22O3,False,,native_unavailable,,CFM-ID native CASMI execution/export parser is unavailable in this repository run; fallback disabled.
CASMI2022,18,18,CFM-ID,,,,,,,CASMI_MOL_1196806,CCCc1oc(=O)ccc1C(O)CO,C10H14O4,False,,native_unavailable,,CFM-ID native CASMI execution/export parser is unavailable in this repository run; fallback disabled.
CASMI2022,19,19,CFM-ID,,,,,,,CASMI_MOL_1196807,CC=C(C)c1cc(OC)c(C)c(=O)o1,C11H14O3,False,,native_unavailable,,CFM-ID native CASMI execution/export parser is unavailable in this repository run; fallback disabled.
CASMI2022,20,20,CFM-ID,,,,,,,CASMI_MOL_1196808,CC1CCC2(C(=O)OC3OC(CO)C(O)C(O)C3O)CCC3(C)C(=CCC4C5(C)CCC(OC6OCC(O)C(O)C6O)C(C)(CO)C5CCC43C)C2C1(C)O,C41H66O14,False,,native_unavailable,,CFM-ID native CASMI execution/export parser is unavailable in this repository run; fallback disabled.
CASMI2022,21,21,CFM-ID,,,,,,,CASMI_MOL_1196809,COC(=O)c1cc(OC)c2c(c1-c1c(C(=O)OC)cc(OC)c3c1OCO3)OCO2,C20H18O10,False,,native_unavailable,,CFM-ID native CASMI execution/export parser is unavailable in this repository run; fallback disabled.
CASMI2022,22,22,CFM-ID,,,,,,,CASMI_MOL_1196810,COc1cc(O)c2c(=O)oc(C)c(C)c2c1C,C13H14O4,False,,native_unavailable,,CFM-ID native CASMI execution/export parser is unavailable in this repository run; fallback disabled.
CASMI2022,23,23,CFM-ID,,,,,,,CASMI_MOL_1196811,CC(=CC(=O)O)CCC1(C)C(C)CCC2(C)C(C)=CCCC21,C20H32O2,False,,native_unavailable,,CFM-ID native CASMI execution/export parser is unavailable in this repository run; fallback disabled.
CASMI2022,24,24,CFM-ID,,,,,,,CASMI_MOL_1196813,COc1cc2nccc3c4ccccc4n(c1=O)c23,C15H10N2O2,False,,native_unavailable,,CFM-ID native CASMI execution/export parser is unavailable in this repository run; fallback disabled.
CASMI2022,25,25,CFM-ID,,,,,,,CASMI_MOL_1196814,CCC(O)C(O)CC=CCC=CCCCC(N)=O,C14H25NO3,False,,native_unavailable,,CFM-ID native CASMI execution/export parser is unavailable in this repository run; fallback disabled.
CASMI2022,26,26,CFM-ID,,,,,,,CASMI_MOL_1196815,C=c1[nH]cc(CO)c(=CNNC(=O)c2ccncc2)c1=O,C14H14N4O3,False,,native_unavailable,,CFM-ID native CASMI execution/export parser is unavailable in this repository run; fallback disabled.
CASMI2022,27,27,CFM-ID,,,,,,,CASMI_MOL_1196816,COc1cc2c(cc1OC)CN(CCc1ccc(NC(=O)c3cccc4c(=O)c5cccc(OC)c5[nH]c34)cc1)CC2,C34H33N3O5,False,,native_unavailable,,CFM-ID native CASMI execution/export parser is unavailable in this repository run; fallback disabled.
CASMI2022,28,28,CFM-ID,,,,,,,CASMI_MOL_1196817,CC(C)(Cc1c[nH]c2ccccc12)NCC(O)COc1ccccc1C#N,C22H25N3O2,False,,native_unavailable,,CFM-ID native CASMI execution/export parser is unavailable in this repository run; fallback disabled.
CASMI2022,29,29,CFM-ID,,,,,,,CASMI_MOL_1196818,CC(=O)NC(CSCC(=O)C12CC(C)(C)CC1=CC(C(=O)O)C2CC(=O)O)C(=O)O,C20H27NO8S,False,,native_unavailable,,CFM-ID native CASMI execution/export parser is unavailable in this repository run; fallback disabled.
CASMI2022,30,30,CFM-ID,,,,,,,CASMI_MOL_1196819,O=C(O)CCCCCCCC(O)C(O)CCCC(=O)O,C14H26O6,False,,native_unavailable,,CFM-ID native CASMI execution/export parser is unavailable in this repository run; fallback disabled.
CASMI2022,31,31,CFM-ID,,,,,,,CASMI_MOL_1196820,CN(C(=O)c1ccc(C(C)(C)C)cc1)c1ccccc1,C18H21NO,False,,native_unavailable,,CFM-ID native CASMI execution/export parser is unavailable in this repository run; fallback disabled.
CASMI2022,32,32,CFM-ID,,,,,,,CASMI_MOL_1196821,COc1ccc(-c2oc3c(OC)c(OC)c(OC)c(OC)c3c(=O)c2OC2OC(CO)C(O)C(O)C2O)cc1OC,C27H32O14,False,,native_unavailable,,CFM-ID native CASMI execution/export parser is unavailable in this repository run; fallback disabled.
CASMI2022,33,33,CFM-ID,,,,,,,CASMI_MOL_1196822,N#CC=C1C=CC(O)CC1OC1OC(CO)C(O)C(O)C1O,C14H19NO7,False,,native_unavailable,,CFM-ID native CASMI execution/export parser is unavailable in this repository run; fallback disabled.
CASMI2022,34,34,CFM-ID,,,,,,,CASMI_MOL_1196823,CCC(C)=NO,C4H9NO,False,,native_unavailable,,CFM-ID native CASMI execution/export parser is unavailable in this repository run; fallback disabled.
CASMI2022,35,35,CFM-ID,,,,,,,CASMI_MOL_1196824,CCC1OC(=O)C(C)C(=O)C(C)C(OC2OC(C)CC(N(C)C)C2O)C(C)(OC)CC(C)C(=O)C(C)C2N(CCCCn3cnc(-c4cccnc4)c3)C(=O)OC12C,C43H65N5O10,False,,native_unavailable,,CFM-ID native CASMI execution/export parser is unavailable in this repository run; fallback disabled.
CASMI2022,36,36,CFM-ID,,,,,,,CASMI_MOL_1196825,COc1cc2nccc(Oc3ccc(NC(=O)NC4CC4)c(Cl)c3)c2cc1C(N)=O,C21H19ClN4O4,False,,native_unavailable,,CFM-ID native CASMI execution/export parser is unavailable in this repository run; fallback disabled.
CASMI2022,37,37,CFM-ID,,,,,,,CASMI_MOL_1196826,CC12CCOC1C1C(=O)CC3C(C)(C(=O)O)CCCC3(C)C1CC2,C20H30O4,False,,native_unavailable,,CFM-ID native CASMI execution/export parser is unavailable in this repository run; fallback disabled.
CASMI2022,38,38,CFM-ID,,,,,,,CASMI_MOL_1196827,CC(C)=CCCC(=CC=CC(C)CC(=O)O)C(=O)O,C15H22O4,False,,native_unavailable,,CFM-ID native CASMI execution/export parser is unavailable in this repository run; fallback disabled.
CASMI2022,39,39,CFM-ID,,,,,,,CASMI_MOL_1196829,Cn1ccccc1=O,C6H7NO,False,,native_unavailable,,CFM-ID native CASMI execution/export parser is unavailable in this repository run; fallback disabled.
CASMI2022,40,40,CFM-ID,,,,,,,CASMI_MOL_1196830,CC(C)Nc1cccnc1N1CCN(C(=O)c2cc3cc(NS(C)(=O)=O)ccc3[nH]2)CC1,C22H28N6O3S,False,,native_unavailable,,CFM-ID native CASMI execution/export parser is unavailable in this repository run; fallback disabled.
CASMI2022,41,41,CFM-ID,,,,,,,CASMI_MOL_1196831,O=C(c1ccc(Nc2nccc(-c3cc4ccccc4s3)n2)cc1)N1CCC(N2CCCC2)CC1,C28H29N5OS,False,,native_unavailable,,CFM-ID native CASMI execution/export parser is unavailable in this repository run; fallback disabled.
CASMI2022,42,42,CFM-ID,,,,,,,CASMI_MOL_1196832,CCC1CC2CC3(C(=O)OC)c4[nH]c5ccccc5c4CCN(C2CC(C)=O)C13,C24H30N2O3,False,,native_unavailable,,CFM-ID native CASMI execution/export parser is unavailable in this repository run; fallback disabled.
CASMI2022,43,43,CFM-ID,,,,,,,CASMI_MOL_1196833,CC(C)=CCCC(=CCCC(C)=CCc1oc(O)cc1C)C(=O)O,C20H28O4,False,,native_unavailable,,CFM-ID native CASMI execution/export parser is unavailable in this repository run; fallback disabled.
CASMI2022,44,44,CFM-ID,,,,,,,CASMI_MOL_1196835,COc1cc(C(O)C(C)Oc2ccc(C3OC(c4ccc(OC(C)C(O)c5ccc(OC)c(OC)c5)c(OC)c4)C(C)C3C)cc2OC)ccc1O,C41H50O11,False,,native_unavailable,,CFM-ID native CASMI execution/export parser is unavailable in this repository run; fallback disabled.
CASMI2022,45,45,CFM-ID,,,,,,,CASMI_MOL_1196836,CC(O)CC(C)C(O)CCCCCCCCCCC(=O)O,C17H34O4,False,,native_unavailable,,CFM-ID native CASMI execution/export parser is unavailable in this repository run; fallback disabled.
CASMI2022,46,46,CFM-ID,,,,,,,CASMI_MOL_1196837,Nc1cccc2cnccc12,C9H8N2,False,,native_unavailable,,CFM-ID native CASMI execution/export parser is unavailable in this repository run; fallback disabled.
CASMI2022,47,47,CFM-ID,,,,,,,CASMI_MOL_1196838,CC(C)c1cc(C(C)C)c(CC(=O)NS(=O)(=O)Oc2c(C(C)C)cccc2C(C)C)c(C(C)C)c1,C29H43NO4S,False,,native_unavailable,,CFM-ID native CASMI execution/export parser is unavailable in this repository run; fallback disabled.
CASMI2022,48,48,CFM-ID,,,,,,,CASMI_MOL_1196839,C=C(C(=O)O)C1(O)CC2(C)C(=CC1=O)C=CC(OC(=O)C=CC(C)=CC(C)CC)C2C,C25H32O6,False,,native_unavailable,,CFM-ID native CASMI execution/export parser is unavailable in this repository run; fallback disabled.
CASMI2022,49,49,CFM-ID,,,,,,,CASMI_MOL_1196840,CC1CCC2(C(=O)OC3OC(CO)C(O)C(O)C3O)CCC3(C)C(=CCC4C5(C)CCC(O)C(C)(C)C5CCC43C)C2C1(C)O,C36H58O9,False,,native_unavailable,,CFM-ID native CASMI execution/export parser is unavailable in this repository run; fallback disabled.
CASMI2022,50,50,CFM-ID,,,,,,,CASMI_MOL_1196841,NP(N)(=O)Oc1ccccc1,C6H9N2O2P,False,,native_unavailable,,CFM-ID native CASMI execution/export parser is unavailable in this repository run; fallback disabled.
CASMI2022,51,51,CFM-ID,,,,,,,CASMI_MOL_1196842,COC(=O)CC(C)(O)CC(=O)OCC1OC(Oc2c(-c3ccc(OC)c(OC)c3)oc3c(OC)c(OC)c(OC)c(OC)c3c2=O)C(O)C(O)C1O,C34H42O18,False,,native_unavailable,,CFM-ID native CASMI execution/export parser is unavailable in this repository run; fallback disabled.
CASMI2022,52,52,CFM-ID,,,,,,,CASMI_MOL_1196843,C=CC1C(OC2OC(CO)C(O)C(O)C2OC(=O)c2cccc(O)c2)OC=C2C(=O)OCCC21,C23H26O11,False,,native_unavailable,,CFM-ID native CASMI execution/export parser is unavailable in this repository run; fallback disabled.
CASMI2022,53,53,CFM-ID,,,,,,,CASMI_MOL_1196844,C=CCNCC=C,C6H11N,False,,native_unavailable,,CFM-ID native CASMI execution/export parser is unavailable in this repository run; fallback disabled.
CASMI2022,54,54,CFM-ID,,,,,,,CASMI_MOL_1196845,O=C1Nc2ccccc2C1=Cc1c[nH]cn1,C12H9N3O,False,,native_unavailable,,CFM-ID native CASMI execution/export parser is unavailable in this repository run; fallback disabled.
CASMI2022,55,55,CFM-ID,,,,,,,CASMI_MOL_1196846,CC=C(C)C(=O)OC1CC(C)C2(C)C=C3C(C)C(=O)OC3(O)CC2C1,C20H28O5,False,,native_unavailable,,CFM-ID native CASMI execution/export parser is unavailable in this repository run; fallback disabled.
CASMI2022,56,56,CFM-ID,,,,,,,CASMI_MOL_1196828,CC1=C(C(=O)O)CC2(C)CCC3C(O)(CO)CCC132,C15H22O4,False,,native_unavailable,,CFM-ID native CASMI execution/export parser is unavailable in this repository run; fallback disabled.
CASMI2022,57,57,CFM-ID,,,,,,,CASMI_MOL_1196848,CC(C)CCCCCCC(O)CC(=O)NC(CC(=O)O)C(N)=O,C16H30N2O5,False,,native_unavailable,,CFM-ID native CASMI execution/export parser is unavailable in this repository run; fallback disabled.
CASMI2022,58,58,CFM-ID,,,,,,,CASMI_MOL_1196849,CC1CC(C)C(=O)C1=O,C7H10O2,False,,native_unavailable,,CFM-ID native CASMI execution/export parser is unavailable in this repository run; fallback disabled.
CASMI2022,59,59,CFM-ID,,,,,,,CASMI_MOL_1196850,CCCCCCCCCCCCCC(N)=O,C14H29NO,False,,native_unavailable,,CFM-ID native CASMI execution/export parser is unavailable in this repository run; fallback disabled.
CASMI2022,60,60,CFM-ID,,,,,,,CASMI_MOL_1196851,CC(=CC(=O)O)CCC1(C)C(C)CCC2(C)C(C)=C(C=O)CC21,C20H30O3,False,,native_unavailable,,CFM-ID native CASMI execution/export parser is unavailable in this repository run; fallback disabled.
CASMI2022,61,61,CFM-ID,,,,,,,CASMI_MOL_1196853,CCCCCc1cc2cc(O)cc(Oc3c(O)cc(OC)c(C(=O)O)c3CCCCC)c2c(=O)o1,C27H32O8,False,,native_unavailable,,CFM-ID native CASMI execution/export parser is unavailable in this repository run; fallback disabled.
CASMI2022,62,62,CFM-ID,,,,,,,CASMI_MOL_1196854,COc1cc(C2OCC(C(O)c3ccc(OC4OC(CO)C(O)C(O)C4O)c(OC)c3)C2COC(C)=O)ccc1O,C28H36O13,False,,native_unavailable,,CFM-ID native CASMI execution/export parser is unavailable in this repository run; fallback disabled.
CASMI2022,63,63,CFM-ID,,,,,,,CASMI_MOL_1196855,Nc1ccn(C2OC(CO)C(O)C2F)c(=O)n1,C9H12FN3O4,False,,native_unavailable,,CFM-ID native CASMI execution/export parser is unavailable in this repository run; fallback disabled.
CASMI2022,64,64,CFM-ID,,,,,,,CASMI_MOL_1196856,CC(=O)OC1C(C)OC(Oc2c(-c3ccc(O)cc3)oc3c(CC=C(C)C)c(OC4OC(CO)C(O)C(O)C4O)cc(O)c3c2=O)C(O)C1O,C34H40O16,False,,native_unavailable,,CFM-ID native CASMI execution/export parser is unavailable in this repository run; fallback disabled.
CASMI2022,65,65,CFM-ID,,,,,,,CASMI_MOL_1196857,C=C1CCC2C(=CC(C(=O)O)CCC1=O)C2(C)C,C15H20O3,False,,native_unavailable,,CFM-ID native CASMI execution/export parser is unavailable in this repository run; fallback disabled.
CASMI2022,66,66,CFM-ID,,,,,,,CASMI_MOL_1196858,COc1cc(-c2oc3c(OC)c(O)c(OC)c(O)c3c(=O)c2OC2OC(CO)C(O)C(O)C2O)ccc1O,C24H26O14,False,,native_unavailable,,CFM-ID native CASMI execution/export parser is unavailable in this repository run; fallback disabled.
CASMI2022,67,67,CFM-ID,,,,,,,CASMI_MOL_1196859,CCC(C)C1NC(=O)C(O)(C2=Cc3c(oc(C)c(C)c3=O)C(C)(CC)C2=O)C1=O,C22H27NO6,False,,native_unavailable,,CFM-ID native CASMI execution/export parser is unavailable in this repository run; fallback disabled.
CASMI2022,68,68,CFM-ID,,,,,,,CASMI_MOL_1196860,NCC1CCCCC1,C7H15N,False,,native_unavailable,,CFM-ID native CASMI execution/export parser is unavailable in this repository run; fallback disabled.
CASMI2022,69,69,CFM-ID,,,,,,,CASMI_MOL_1196861,O=C(O)CCCCCCCCCCN1C(=O)C=CC1=O,C15H23NO4,False,,native_unavailable,,CFM-ID native CASMI execution/export parser is unavailable in this repository run; fallback disabled.
CASMI2022,70,70,CFM-ID,,,,,,,CASMI_MOL_1196862,CC(C)c1cc2c(cc1O)C1(C(=O)O)CCCC(C)(C)C1CC2=O,C20H26O4,False,,native_unavailable,,CFM-ID native CASMI execution/export parser is unavailable in this repository run; fallback disabled.
CASMI2022,71,71,CFM-ID,,,,,,,CASMI_MOL_1196863,CC1CC(=O)C(C(C)C)CC1=O,C10H16O2,False,,native_unavailable,,CFM-ID native CASMI execution/export parser is unavailable in this repository run; fallback disabled.
CASMI2022,72,72,CFM-ID,,,,,,,CASMI_MOL_1196864,CC1=C(C)C2C(Cc3c[nH]c4ccccc34)NC(=O)C23C(=O)C2OC2C(O)CC(C)CC=CC3C1O,C29H34N2O5,False,,native_unavailable,,CFM-ID native CASMI execution/export parser is unavailable in this repository run; fallback disabled.
CASMI2022,73,73,CFM-ID,,,,,,,CASMI_MOL_1196865,CC(C)(O)C1CCC2(C)C(O)CCC(C)(O)C2C1,C15H28O3,False,,native_unavailable,,CFM-ID native CASMI execution/export parser is unavailable in this repository run; fallback disabled.
CASMI2022,74,74,CFM-ID,,,,,,,CASMI_MOL_1196866,CCC(C)C(CC)C(N)=O,C8H17NO,False,,native_unavailable,,CFM-ID native CASMI execution/export parser is unavailable in this repository run; fallback disabled.
CASMI2022,75,75,CFM-ID,,,,,,,CASMI_MOL_1196867,COC(=O)c1csc(C(=O)c2c[nH]c3ccccc23)n1,C14H10N2O3S,False,,native_unavailable,,CFM-ID native CASMI execution/export parser is unavailable in this repository run; fallback disabled.
CASMI2022,76,76,CFM-ID,,,,,,,CASMI_MOL_1196812,CC(C)=CCCC(C)=CCCC1=CCC(C(C)=CCO)OC1,C20H32O2,False,,native_unavailable,,CFM-ID native CASMI execution/export parser is unavailable in this repository run; fallback disabled.
CASMI2022,77,77,CFM-ID,,,,,,,CASMI_MOL_1196868,CC1=C2CC(C(C)(C)OC3OC(CO)C(O)C(O)C3O)CCC2(C)CCC1=O,C21H34O7,False,,native_unavailable,,CFM-ID native CASMI execution/export parser is unavailable in this repository run; fallback disabled.
CASMI2022,78,78,CFM-ID,,,,,,,CASMI_MOL_1196869,CCCNC(N)=O,C4H10N2O,False,,native_unavailable,,CFM-ID native CASMI execution/export parser is unavailable in this repository run; fallback disabled.
CASMI2022,79,79,CFM-ID,,,,,,,CASMI_MOL_1196870,C=c1cc(O)[nH]c1=CC=C(C)CC=CC(CCC=C(C)C)C(=O)O,C20H27NO3,False,,native_unavailable,,CFM-ID native CASMI execution/export parser is unavailable in this repository run; fallback disabled.
CASMI2022,80,80,CFM-ID,,,,,,,CASMI_MOL_1196871,CC(=O)OC1C(=O)C=C(C)C2C=c3c(C)c(O)oc3=CC21C,C17H18O5,False,,native_unavailable,,CFM-ID native CASMI execution/export parser is unavailable in this repository run; fallback disabled.
CASMI2022,81,81,CFM-ID,,,,,,,CASMI_MOL_1196872,CC(=CCCC=C(C)CCC1OC(C(C)(C)OC2OC(CO)C(O)C(O)C2O)CCC1(C)O)CCC1OC(C(C)(C)O)CCC1(C)O,C36H64O11,False,,native_unavailable,,CFM-ID native CASMI execution/export parser is unavailable in this repository run; fallback disabled.
CASMI2022,82,82,CFM-ID,,,,,,,CASMI_MOL_1196873,O=C1CCN(C2CC2)CC1,C8H13NO,False,,native_unavailable,,CFM-ID native CASMI execution/export parser is unavailable in this repository run; fallback disabled.
CASMI2022,83,83,CFM-ID,,,,,,,CASMI_MOL_1196874,CCCCC=CCC(C(=O)O)C(C)C(=O)O,C12H20O4,False,,native_unavailable,,CFM-ID native CASMI execution/export parser is unavailable in this repository run; fallback disabled.
CASMI2022,84,84,CFM-ID,,,,,,,CASMI_MOL_1196852,CC1(C)C(=O)C=CC2(C)C3CCC4CC3(CCC12)CC4(O)CO,C20H30O3,False,,native_unavailable,,CFM-ID native CASMI execution/export parser is unavailable in this repository run; fallback disabled.
CASMI2022,85,85,CFM-ID,,,,,,,CASMI_MOL_1196834,CC(C)=CCCC(=CCCC(C)=CC1C(=O)CC(C)C1=O)C(=O)O,C20H28O4,False,,native_unavailable,,CFM-ID native CASMI execution/export parser is unavailable in this repository run; fallback disabled.
CASMI2022,86,86,CFM-ID,,,,,,,CASMI_MOL_1196875,CC1(CO)C(=O)CCC2(C)C3CC4CCC3(CCC12)CC4(O)CO,C20H32O4,False,,native_unavailable,,CFM-ID native CASMI execution/export parser is unavailable in this repository run; fallback disabled.
CASMI2022,87,87,CFM-ID,,,,,,,CASMI_MOL_1196876,COc1ccc2[nH]ccc2c1,C9H9NO,False,,native_unavailable,,CFM-ID native CASMI execution/export parser is unavailable in this repository run; fallback disabled.
CASMI2022,88,88,CFM-ID,,,,,,,CASMI_MOL_1196877,Cn1cncc1C(N)(c1ccc(Cl)cc1)c1ccc2c(c1)c(-c1cccc(Cl)c1)cc(=O)n2C,C27H22Cl2N4O,False,,native_unavailable,,CFM-ID native CASMI execution/export parser is unavailable in this repository run; fallback disabled.
CASMI2022,89,89,CFM-ID,,,,,,,CASMI_MOL_1196805,CC1C=CC2=C(OC(C(C)CO)C2(C)C)C1C=O,C15H22O3,False,,native_unavailable,,CFM-ID native CASMI execution/export parser is unavailable in this repository run; fallback disabled.
CASMI2022,90,90,CFM-ID,,,,,,,CASMI_MOL_1196878,CCC(C)C1C(CO)=CC2CC(C)CC(C)C2C1(C)C(=O)CCO,C21H36O3,False,,native_unavailable,,CFM-ID native CASMI execution/export parser is unavailable in this repository run; fallback disabled.
CASMI2022,91,91,CFM-ID,,,,,,,CASMI_MOL_1196847,CC(C)=CCCC1=CCCC(C)(C(O)C(O)c2occc2C)OC1=O,C20H28O5,False,,native_unavailable,,CFM-ID native CASMI execution/export parser is unavailable in this repository run; fallback disabled.
CASMI2022,92,92,CFM-ID,,,,,,,CASMI_MOL_1196880,C=CC(C)(CCC=C(CO)CCC=C(C)CC(=O)CC(C)C(=O)OC)OC1OC(CO)C(O)C(O)C1O,C27H44O10,False,,native_unavailable,,CFM-ID native CASMI execution/export parser is unavailable in this repository run; fallback disabled.
CASMI2022,93,93,CFM-ID,,,,,,,CASMI_MOL_1196881,Cc1ccccc1NC(=O)c1cc2ccccc2cc1O,C18H15NO2,False,,native_unavailable,,CFM-ID native CASMI execution/export parser is unavailable in this repository run; fallback disabled.
CASMI2022,94,94,CFM-ID,,,,,,,CASMI_MOL_1196882,CCCCCCCCCCCCCOC(=O)c1ccccc1C(=O)OCCCCCCCCCCCCC,C34H58O4,False,,native_unavailable,,CFM-ID native CASMI execution/export parser is unavailable in this repository run; fallback disabled.
CASMI2022,95,95,CFM-ID,,,,,,,CASMI_MOL_1196883,CC(=O)OC1CC2C(CCC3=CC(OC4OC(C)C(O)C(O)C4O)CCC32C)C2(O)CCC(c3ccc(=O)oc3)C12C,C32H44O10,False,,native_unavailable,,CFM-ID native CASMI execution/export parser is unavailable in this repository run; fallback disabled.
CASMI2022,96,96,CFM-ID,,,,,,,CASMI_MOL_1196884,CC(=O)OCC1(O)CC23CCC4C(C)(COC(C)=O)C(=O)CCC4(C)C2CCC1C3,C24H36O6,False,,native_unavailable,,CFM-ID native CASMI execution/export parser is unavailable in this repository run; fallback disabled.
CASMI2022,97,97,CFM-ID,,,,,,,CASMI_MOL_1196885,CC1(CCOC2OC(CO)C(O)C(O)C2O)CCC2C(OC(=O)CC3C(C)(C(=O)O)CCCC23C)C1O,C26H42O11,False,,native_unavailable,,CFM-ID native CASMI execution/export parser is unavailable in this repository run; fallback disabled.
CASMI2022,98,98,CFM-ID,,,,,,,CASMI_MOL_1196886,CCOc1ccc(-c2nc3cc(-c4nc5cc(N6CCN(C)CC6)ccc5[nH]4)ccc3[nH]2)cc1,C27H28N6O,False,,native_unavailable,,CFM-ID native CASMI execution/export parser is unavailable in this repository run; fallback disabled.
CASMI2022,99,99,CFM-ID,,,,,,,CASMI_MOL_1196887,Oc1ccc(C=C2c3cc(O)cc(O)c3C(c3ccc(O)cc3)C2c2cc(O)cc(O)c2)cc1,C28H22O6,False,,native_unavailable,,CFM-ID native CASMI execution/export parser is unavailable in this repository run; fallback disabled.
CASMI2022,100,100,CFM-ID,,,,,,,CASMI_MOL_1196888,CC(O)CCCC=CCC=CC(O)C(O)CCCCCC(=O)O,C18H32O5,False,,native_unavailable,,CFM-ID native CASMI execution/export parser is unavailable in this repository run; fallback disabled.
CASMI2022,101,101,CFM-ID,,,,,,,CASMI_MOL_1196890,CCC1(C)C(=O)C=C2C(=COC(C(=O)O)=C2C)C1O,C14H16O5,False,,native_unavailable,,CFM-ID native CASMI execution/export parser is unavailable in this repository run; fallback disabled.
CASMI2022,102,102,CFM-ID,,,,,,,CASMI_MOL_1196891,CCCCOC(=O)CC(CC(=O)OCCCC)(OC(C)=O)C(=O)OCCCC,C20H34O8,False,,native_unavailable,,CFM-ID native CASMI execution/export parser is unavailable in this repository run; fallback disabled.
CASMI2022,103,103,CFM-ID,,,,,,,CASMI_MOL_1196892,CC(=O)OC(C)(C)C1OC23OC1CC(C)C2C1(C)CCC24CC25CCC(OC2OCC(O)C(O)C2O)C(C)(C)C5CCC4C1(C)C3O,C37H58O10,False,,native_unavailable,,CFM-ID native CASMI execution/export parser is unavailable in this repository run; fallback disabled.
CASMI2022,104,104,CFM-ID,,,,,,,CASMI_MOL_1196893,NC(=O)C1CCCc2c1[nH]c1ccc(Cl)cc21,C13H13ClN2O,False,,native_unavailable,,CFM-ID native CASMI execution/export parser is unavailable in this repository run; fallback disabled.
CASMI2022,105,105,CFM-ID,,,,,,,CASMI_MOL_1196894,COc1c(CC=C(C)CCC=C(C)CCO)c(O)c2c(O)occ2c1C,C21H28O5,False,,native_unavailable,,CFM-ID native CASMI execution/export parser is unavailable in this repository run; fallback disabled.
CASMI2022,106,106,CFM-ID,,,,,,,CASMI_MOL_1196895,COC(=O)C(NC(=O)c1cccc(NC=O)c1O)C(C)O,C13H16N2O6,False,,native_unavailable,,CFM-ID native CASMI execution/export parser is unavailable in this repository run; fallback disabled.
CASMI2022,107,107,CFM-ID,,,,,,,CASMI_MOL_1196896,Cc1c(O)oc2c1C=C1CCC3C(C)(C)C(O)CCC3(C)C1C2,C20H28O3,False,,native_unavailable,,CFM-ID native CASMI execution/export parser is unavailable in this repository run; fallback disabled.
CASMI2022,108,108,CFM-ID,,,,,,,CASMI_MOL_1196899,CC(C)CC1NC(=O)C2CCCN2C1=O,C11H18N2O2,False,,native_unavailable,,CFM-ID native CASMI execution/export parser is unavailable in this repository run; fallback disabled.
CASMI2022,109,109,CFM-ID,,,,,,,CASMI_MOL_1196900,O=c1c(O)c(-c2c(O)cccc2OC2OC(CO)C(O)C(O)C2O)oc2cc(O)cc(O)c12,C21H20O12,False,,native_unavailable,,CFM-ID native CASMI execution/export parser is unavailable in this repository run; fallback disabled.
CASMI2022,110,110,CFM-ID,,,,,,,CASMI_MOL_1196901,CC(=O)OC(C)(C)C1OC23OC1CC(C)C2C1(C)C(O)CC24CC25CCC(O)C(C)(C)C5CCC4C1(C)C3O,C32H50O7,False,,native_unavailable,,CFM-ID native CASMI execution/export parser is unavailable in this repository run; fallback disabled.
CASMI2022,111,111,CFM-ID,,,,,,,CASMI_MOL_1196902,O=C(O)CNC(=O)C1CCCN1,C7H12N2O3,False,,native_unavailable,,CFM-ID native CASMI execution/export parser is unavailable in this repository run; fallback disabled.
CASMI2022,112,112,CFM-ID,,,,,,,CASMI_MOL_1196903,COc1cc(O)c(CCc2cccc(O)c2)cc1OC,C16H18O4,False,,native_unavailable,,CFM-ID native CASMI execution/export parser is unavailable in this repository run; fallback disabled.
CASMI2022,113,113,CFM-ID,,,,,,,CASMI_MOL_1196905,CCCCC(O)CC=CCC=CCCCC(=O)NC(CCC(=O)O)C(=O)O,C20H33NO6,False,,native_unavailable,,CFM-ID native CASMI execution/export parser is unavailable in this repository run; fallback disabled.
CASMI2022,114,114,CFM-ID,,,,,,,CASMI_MOL_1196906,CC1OC(OC2C(Oc3c(-c4ccc(O)c(O)c4)oc4cc(OC5OC(CO)C(O)C(O)C5O)cc(O)c4c3=O)OC(CO)C(O)C2O)C(O)C(O)C1O,C33H40O21,False,,native_unavailable,,CFM-ID native CASMI execution/export parser is unavailable in this repository run; fallback disabled.
CASMI2022,115,115,CFM-ID,,,,,,,CASMI_MOL_1196907,CC1CC2OC3(OC(C)(C)C2O)C1C1(C)CCC24CC25CCC(=O)C(C)(C)C5CCC4C1(C)C3O,C30H46O5,False,,native_unavailable,,CFM-ID native CASMI execution/export parser is unavailable in this repository run; fallback disabled.
CASMI2022,116,116,CFM-ID,,,,,,,CASMI_MOL_1196909,CCc1nccc2c1[nH]c1cc(OC)ccc12,C14H14N2O,False,,native_unavailable,,CFM-ID native CASMI execution/export parser is unavailable in this repository run; fallback disabled.
CASMI2022,117,117,CFM-ID,,,,,,,CASMI_MOL_1196910,COc1c2occc2c(OCC=C(C)CCC=C(C)C)c2ccc(=O)oc12,C22H24O5,False,,native_unavailable,,CFM-ID native CASMI execution/export parser is unavailable in this repository run; fallback disabled.
CASMI2022,118,118,CFM-ID,,,,,,,CASMI_MOL_1196911,CC(C)=CCCC(=CCCC(C)=CCCC(C)=CCO)C(=O)O,C20H32O3,False,,native_unavailable,,CFM-ID native CASMI execution/export parser is unavailable in this repository run; fallback disabled.
CASMI2022,119,119,CFM-ID,,,,,,,CASMI_MOL_1196912,Cc1ccc(N=Nc2c(O)ccc3ccccc23)c(C)c1,C18H16N2O,False,,native_unavailable,,CFM-ID native CASMI execution/export parser is unavailable in this repository run; fallback disabled.
CASMI2022,120,120,CFM-ID,,,,,,,CASMI_MOL_1196913,Cc1c(O)oc2c1CC1(C)C(C)CCCC1C2,C15H22O2,False,,native_unavailable,,CFM-ID native CASMI execution/export parser is unavailable in this repository run; fallback disabled.
CASMI2022,121,121,CFM-ID,,,,,,,CASMI_MOL_1196918,COc1cc(C=CCCCCC(O)CC(=O)O)oc(=O)c1C,C16H22O6,False,,native_unavailable,,CFM-ID native CASMI execution/export parser is unavailable in this repository run; fallback disabled.
CASMI2022,122,122,CFM-ID,,,,,,,CASMI_MOL_1196919,CC1CCC2C(C)(C)C(O)CCC2(C)C12Cc1c(O)cc3cn(C(CCC(=O)O)C(=O)O)c(O)c3c1O2,C28H37NO8,False,,native_unavailable,,CFM-ID native CASMI execution/export parser is unavailable in this repository run; fallback disabled.
CASMI2022,123,123,CFM-ID,,,,,,,CASMI_MOL_1196920,COC(=O)c1cc(O)cc2oc3cccc(O)c3c(=O)c12,C15H10O6,False,,native_unavailable,,CFM-ID native CASMI execution/export parser is unavailable in this repository run; fallback disabled.
CASMI2022,124,124,CFM-ID,,,,,,,CASMI_MOL_1196921,COc1ccc(CC2C(=O)OCC2Cc2ccc(OC3OC(CO)C(O)C(O)C3O)c(OC)c2)cc1OC,C27H34O11,False,,native_unavailable,,CFM-ID native CASMI execution/export parser is unavailable in this repository run; fallback disabled.
CASMI2022,125,125,CFM-ID,,,,,,,CASMI_MOL_1196922,CC(O)(CO)CCCC(C)(O)c1ccc(C(=O)O)cc1O,C15H22O6,False,,native_unavailable,,CFM-ID native CASMI execution/export parser is unavailable in this repository run; fallback disabled.
CASMI2022,126,126,CFM-ID,,,,,,,CASMI_MOL_1196923,CC(=O)NCCc1c(Cc2ccccc2)[nH]c2ccccc12,C19H20N2O,False,,native_unavailable,,CFM-ID native CASMI execution/export parser is unavailable in this repository run; fallback disabled.
CASMI2022,127,127,CFM-ID,,,,,,,CASMI_MOL_1196924,C=C(C)C1CCC2(C(=O)O)CCC3(C)C(CC4OC(=O)CC(O)C5(C)C(C(=C)C)CCC3(C)C45)C12,C30H44O5,False,,native_unavailable,,CFM-ID native CASMI execution/export parser is unavailable in this repository run; fallback disabled.
CASMI2022,128,128,CFM-ID,,,,,,,CASMI_MOL_1196925,O=C(O)CCCCC(=O)Nc1ccccc1C(=O)O,C13H15NO5,False,,native_unavailable,,CFM-ID native CASMI execution/export parser is unavailable in this repository run; fallback disabled.
CASMI2022,129,129,CFM-ID,,,,,,,CASMI_MOL_1196897,CC(C)c1ccc2c(c1)C(O)CC1C(C)(C(=O)O)CCCC21C,C20H28O3,False,,native_unavailable,,CFM-ID native CASMI execution/export parser is unavailable in this repository run; fallback disabled.
CASMI2022,130,130,CFM-ID,,,,,,,CASMI_MOL_1196926,COc1cccc2c(O)c3c(c(O)c12)=C(C)OC(C)C=3,C16H16O4,False,,native_unavailable,,CFM-ID native CASMI execution/export parser is unavailable in this repository run; fallback disabled.
CASMI2022,131,131,CFM-ID,,,,,,,CASMI_MOL_1196928,NC(=O)CCC=CCC=CCCCC(=O)O,C12H19NO3,False,,native_unavailable,,CFM-ID native CASMI execution/export parser is unavailable in this repository run; fallback disabled.
CASMI2022,132,132,CFM-ID,,,,,,,CASMI_MOL_1196929,CCC(C)=CC=CCC(=O)OC1=CC=C2CC(=O)C(=O)CC2(C)C1C,C21H26O4,False,,native_unavailable,,CFM-ID native CASMI execution/export parser is unavailable in this repository run; fallback disabled.
CASMI2022,133,133,CFM-ID,,,,,,,CASMI_MOL_1196930,CCCC(O)CC=CCC=CCCCC(=O)NC(CCC(=O)O)C(=O)O,C19H31NO6,False,,native_unavailable,,CFM-ID native CASMI execution/export parser is unavailable in this repository run; fallback disabled.
CASMI2022,134,134,CFM-ID,,,,,,,CASMI_MOL_1196932,CC1=CC(=O)CC(C)(C)C1(O)C=CC(C)OC1OC(COC(=O)CC(C)(O)CC(=O)O)C(O)C(O)C1O,C25H38O12,False,,native_unavailable,,CFM-ID native CASMI execution/export parser is unavailable in this repository run; fallback disabled.
CASMI2022,135,135,CFM-ID,,,,,,,CASMI_MOL_1196933,CCC(C)(C)c1cc(-n2nc3ccccc3n2)c(O)c(C(C)(C)CC)c1,C22H29N3O,False,,native_unavailable,,CFM-ID native CASMI execution/export parser is unavailable in this repository run; fallback disabled.
CASMI2022,136,136,CFM-ID,,,,,,,CASMI_MOL_1196934,CC(C)CCCCCCC(O)C1CC(CO)OC1=O,C15H28O4,False,,native_unavailable,,CFM-ID native CASMI execution/export parser is unavailable in this repository run; fallback disabled.
CASMI2022,137,137,CFM-ID,,,,,,,CASMI_MOL_1196935,COc1cc2c(cc1OC)C1(O)C(=O)c3ccc(O)c(CC=C(C)C)c3OC1CO2,C23H24O7,False,,native_unavailable,,CFM-ID native CASMI execution/export parser is unavailable in this repository run; fallback disabled.
CASMI2022,138,138,CFM-ID,,,,,,,CASMI_MOL_1196936,COc1cc2c(c(OC)c1OC)-c1c(cc3c(c1O)OCO3)CC(C)C(C)C2,C22H26O6,False,,native_unavailable,,CFM-ID native CASMI execution/export parser is unavailable in this repository run; fallback disabled.
CASMI2022,139,139,CFM-ID,,,,,,,CASMI_MOL_1196937,CC1OC(OC2C(Oc3c(-c4ccc(O)cc4)oc4cc(OC5OC(CO)C(O)C(O)C5OC(=O)C=Cc5ccc(O)cc5)cc(O)c4c3=O)OC(CO)C(O)C2O)C(O)C(O)C1O,C42H46O22,False,,native_unavailable,,CFM-ID native CASMI execution/export parser is unavailable in this repository run; fallback disabled.
CASMI2022,140,140,CFM-ID,,,,,,,CASMI_MOL_1196939,CC=CC=CCCCC=CCc1cc(=O)c(C)c(O)o1,C17H22O3,False,,native_unavailable,,CFM-ID native CASMI execution/export parser is unavailable in this repository run; fallback disabled.
CASMI2022,141,141,CFM-ID,,,,,,,CASMI_MOL_1196941,COc1ccc(-c2cc(=O)c3c(OC)cc(OC)c(OC)c3o2)cc1,C19H18O6,False,,native_unavailable,,CFM-ID native CASMI execution/export parser is unavailable in this repository run; fallback disabled.
CASMI2022,142,142,CFM-ID,,,,,,,CASMI_MOL_1196942,COc1ccc(C2OCC3C(c4ccc5c(c4)OCO5)OCC23)cc1OC,C21H22O6,False,,native_unavailable,,CFM-ID native CASMI execution/export parser is unavailable in this repository run; fallback disabled.
CASMI2022,143,143,CFM-ID,,,,,,,CASMI_MOL_1196943,CC=C(C)C(=O)OC(C(O)c1cc2ccc(=O)oc2cc1OC)C(C)(C)O,C20H24O7,False,,native_unavailable,,CFM-ID native CASMI execution/export parser is unavailable in this repository run; fallback disabled.
CASMI2022,144,144,CFM-ID,,,,,,,CASMI_MOL_1196944,CC1CC=CC(C(=O)O)C1(C)Cc1c(CO)coc1O,C15H20O5,False,,native_unavailable,,CFM-ID native CASMI execution/export parser is unavailable in this repository run; fallback disabled.
CASMI2022,145,145,CFM-ID,,,,,,,CASMI_MOL_1196938,CC1OC(OC2C(Oc3c(-c4ccc(O)cc4)oc4cc(OC5OC(COC(=O)C=Cc6ccc(O)cc6)C(O)C(O)C5O)cc(O)c4c3=O)OC(CO)C(O)C2O)C(O)C(O)C1O,C42H46O22,False,,native_unavailable,,CFM-ID native CASMI execution/export parser is unavailable in this repository run; fallback disabled.
CASMI2022,146,146,CFM-ID,,,,,,,CASMI_MOL_1196945,CC(=O)OC1C(=O)C2=C(C(=O)CC3C2(C)CCC(OC(=O)CC(=O)O)C3(C)C)C2(C)C(=O)CC(C(C)CC(=O)CC(C)C(=O)O)C12C,C35H46O12,False,,native_unavailable,,CFM-ID native CASMI execution/export parser is unavailable in this repository run; fallback disabled.
CASMI2022,147,147,CFM-ID,,,,,,,CASMI_MOL_1196946,CC(=CCCC(C)OC1OC(CO)C(O)C(O)C1O)CCC1CC(=O)OC1(C)C,C21H36O8,False,,native_unavailable,,CFM-ID native CASMI execution/export parser is unavailable in this repository run; fallback disabled.
CASMI2022,148,148,CFM-ID,,,,,,,CASMI_MOL_1196947,CC(C)=CCCC(=CCCC(C)=CCC(O)C(C)=CCO)CO,C20H34O3,False,,native_unavailable,,CFM-ID native CASMI execution/export parser is unavailable in this repository run; fallback disabled.
CASMI2022,149,149,CFM-ID,,,,,,,CASMI_MOL_1196948,COc1ccc(-c2oc3c(CC=C(C)C)c(O)cc(O)c3c(=O)c2O)cc1,C21H20O6,False,,native_unavailable,,CFM-ID native CASMI execution/export parser is unavailable in this repository run; fallback disabled.
CASMI2022,150,150,CFM-ID,,,,,,,CASMI_MOL_1196949,C=C1CCC2C(C)(C(=O)O)CCC(OC(C)=O)C2(C)C1CCC(C)=CCO,C22H34O5,False,,native_unavailable,,CFM-ID native CASMI execution/export parser is unavailable in this repository run; fallback disabled.
CASMI2022,151,151,CFM-ID,,,,,,,CASMI_MOL_1196950,C=C(Oc1cccc(C(=O)O)c1)C(=O)OC,C11H10O5,False,,native_unavailable,,CFM-ID native CASMI execution/export parser is unavailable in this repository run; fallback disabled.
CASMI2022,152,152,CFM-ID,,,,,,,CASMI_MOL_1196951,O=C(O)C=CCCCCCC(=O)O,C9H14O4,False,,native_unavailable,,CFM-ID native CASMI execution/export parser is unavailable in this repository run; fallback disabled.
CASMI2022,153,153,CFM-ID,,,,,,,CASMI_MOL_1196952,CC(OC1OC(COC2OCC(O)(CO)C2O)C(O)C(O)C1O)C1CC(=O)OC1(C)C,C19H32O12,False,,native_unavailable,,CFM-ID native CASMI execution/export parser is unavailable in this repository run; fallback disabled.
CASMI2022,154,154,CFM-ID,,,,,,,CASMI_MOL_1196953,N#CC=C1CCC(O)CC1OC1OC(CO)C(O)C(O)C1O,C14H21NO7,False,,native_unavailable,,CFM-ID native CASMI execution/export parser is unavailable in this repository run; fallback disabled.
CASMI2022,155,155,CFM-ID,,,,,,,CASMI_MOL_1196954,CN1CCCC1Cc1c[nH]c2ccc(CCS(=O)(=O)c3ccccc3)cc12,C22H26N2O2S,False,,native_unavailable,,CFM-ID native CASMI execution/export parser is unavailable in this repository run; fallback disabled.
CASMI2022,156,156,CFM-ID,,,,,,,CASMI_MOL_1196955,CC1(OC2OC(CO)C(O)C(O)C2O)C(=O)CC2CC1C2(C)C,C16H26O7,False,,native_unavailable,,CFM-ID native CASMI execution/export parser is unavailable in this repository run; fallback disabled.
CASMI2022,157,157,CFM-ID,,,,,,,CASMI_MOL_1196956,COc1cc2c(cc1O)CCc1cc(O)ccc1-2,C15H14O3,False,,native_unavailable,,CFM-ID native CASMI execution/export parser is unavailable in this repository run; fallback disabled.
CASMI2022,158,158,CFM-ID,,,,,,,CASMI_MOL_1196958,C=C1C(=O)N(CCCC(=O)O)C2(O)C=C3C=CC(OC(=O)C=CC=CC(C)CC)C(C)C3(C)CC12O,C28H37NO7,False,,native_unavailable,,CFM-ID native CASMI execution/export parser is unavailable in this repository run; fallback disabled.
CASMI2022,159,159,CFM-ID,,,,,,,CASMI_MOL_1196914,C=C1CCCC(C)(C)C12C=CC(C(=O)O)CC2,C15H22O2,False,,native_unavailable,,CFM-ID native CASMI execution/export parser is unavailable in this repository run; fallback disabled.
CASMI2022,160,160,CFM-ID,,,,,,,CASMI_MOL_1196959,CC(O)(CC(=O)O)CC(=O)OC1CC2(C)C3=C(CCC2C(C)(C)C1O)C1(C)CCC(C(CO)CCC(O)C(C)(C)O)C1(C)C(O)C3,C36H60O10,False,,native_unavailable,,CFM-ID native CASMI execution/export parser is unavailable in this repository run; fallback disabled.
CASMI2022,161,161,CFM-ID,,,,,,,CASMI_MOL_1196960,COc1cc(C2OC(c3ccc4c(c3)OCO4)C(C)C2C)ccc1OC(C)C(O)c1ccc2c(c1)OCO2,C30H32O8,False,,native_unavailable,,CFM-ID native CASMI execution/export parser is unavailable in this repository run; fallback disabled.
CASMI2022,162,162,CFM-ID,,,,,,,CASMI_MOL_1196961,COC1C=COC2(C)Oc3c(C)c(O)c4c(O)c(c5c(nc6cc(C)ccn65)c4c3C2=O)NC(=O)C(C)=CC=CC(C)C(O)C(C)C(O)C(C)C(OC(C)=O)C1C,C43H51N3O11,False,,native_unavailable,,CFM-ID native CASMI execution/export parser is unavailable in this repository run; fallback disabled.
CASMI2022,163,163,CFM-ID,,,,,,,CASMI_MOL_1196962,CCC(C)C1NC(=O)C2CCCN2C(=O)C(C(C)CC)NC(=O)c2ccccc2NC(=O)C(Cc2ccc(O)cc2)NC(=O)C(C)NC(=O)C(C(C)O)NC1=O,C40H55N7O9,False,,native_unavailable,,CFM-ID native CASMI execution/export parser is unavailable in this repository run; fallback disabled.
CASMI2022,164,164,CFM-ID,,,,,,,CASMI_MOL_1196963,CCC(C)=CC=CCC(=O)OCC(O)C(O)C(O)C(O)CO,C15H26O7,False,,native_unavailable,,CFM-ID native CASMI execution/export parser is unavailable in this repository run; fallback disabled.
CASMI2022,165,165,CFM-ID,,,,,,,CASMI_MOL_1196937,CC1OC(OC2C(Oc3c(-c4ccc(O)cc4)oc4cc(OC5OC(CO)C(O)C(O)C5OC(=O)C=Cc5ccc(O)cc5)cc(O)c4c3=O)OC(CO)C(O)C2O)C(O)C(O)C1O,C42H46O22,False,,native_unavailable,,CFM-ID native CASMI execution/export parser is unavailable in this repository run; fallback disabled.
CASMI2022,166,166,CFM-ID,,,,,,,CASMI_MOL_1196964,CC1(C)CC(O)CC2(C)OC(=O)C=C12,C11H16O3,False,,native_unavailable,,CFM-ID native CASMI execution/export parser is unavailable in this repository run; fallback disabled.
CASMI2022,167,167,CFM-ID,,,,,,,CASMI_MOL_1196965,CC(C(=O)O)C1CC2(C)C(=CCCC2C)C(O)C1O,C15H24O4,False,,native_unavailable,,CFM-ID native CASMI execution/export parser is unavailable in this repository run; fallback disabled.
CASMI2022,168,168,CFM-ID,,,,,,,CASMI_MOL_1196966,CC=CC=CC(=O)OC1C(C)C(C(C)CC(C)=CC)OC(=O)C1(C)O,C20H30O5,False,,native_unavailable,,CFM-ID native CASMI execution/export parser is unavailable in this repository run; fallback disabled.
CASMI2022,169,169,CFM-ID,,,,,,,CASMI_MOL_1196967,CC(C)(O)c1ccccc1CCC(SCC1(CC(=O)O)CC1)c1cccc(C=Cc2ccc3ccc(Cl)cc3n2)c1,C35H36ClNO3S,False,,native_unavailable,,CFM-ID native CASMI execution/export parser is unavailable in this repository run; fallback disabled.
CASMI2022,170,170,CFM-ID,,,,,,,CASMI_MOL_1196898,C=C1CC23CC1CCC2C1(C)CCCC2(C)C(=O)OC(C21)C3O,C20H28O3,False,,native_unavailable,,CFM-ID native CASMI execution/export parser is unavailable in this repository run; fallback disabled.
CASMI2022,171,171,CFM-ID,,,,,,,CASMI_MOL_1196968,COc1ccc(-c2oc3c(CC=C(C)C)c(O)cc(O)c3c(=O)c2OC2OC(C)C(O)C(O)C2OC2OCC(O)C(O)C2O)cc1,C32H38O14,False,,native_unavailable,,CFM-ID native CASMI execution/export parser is unavailable in this repository run; fallback disabled.
CASMI2022,172,172,CFM-ID,,,,,,,CASMI_MOL_1196879,CCC(C)C1C(C)=CC2C(O)C(C)CC(C)C2C1(C)C(=O)CCO,C21H36O3,False,,native_unavailable,,CFM-ID native CASMI execution/export parser is unavailable in this repository run; fallback disabled.
CASMI2022,173,173,CFM-ID,,,,,,,CASMI_MOL_1196969,C=CC1C(OC2OC(COC(C)=O)C(O)C(O)C2O)OC=C2C(=O)OCCC21O,C18H24O11,False,,native_unavailable,,CFM-ID native CASMI execution/export parser is unavailable in this repository run; fallback disabled.
CASMI2022,174,174,CFM-ID,,,,,,,CASMI_MOL_1196970,CC1CCC2(C(=O)OC3OC(CO)C(O)C(O)C3O)CCC3(C)C(=CCC4C5(C)CCC(OC6OC(C(=O)O)C(O)C(O)C6OC6OCC(O)C(O)C6O)C(C)(C)C5CCC43C)C2C1(C)O,C47H74O19,False,,native_unavailable,,CFM-ID native CASMI execution/export parser is unavailable in this repository run; fallback disabled.
CASMI2022,175,175,CFM-ID,,,,,,,CASMI_MOL_1196971,COc1cc(C2OCC(C(OC3OC(CO)C(O)C(O)C3O)c3ccc(O)c(OC)c3)C2CO)ccc1O,C26H34O12,False,,native_unavailable,,CFM-ID native CASMI execution/export parser is unavailable in this repository run; fallback disabled.
CASMI2022,176,176,CFM-ID,,,,,,,CASMI_MOL_1196972,COc1ccc(C2CC(=O)c3c(O)cc(OC4OC(COC5OC(C)C(O)C(O)C5O)C(O)C(O)C4O)cc3O2)cc1O,C28H34O15,False,,native_unavailable,,CFM-ID native CASMI execution/export parser is unavailable in this repository run; fallback disabled.
CASMI2022,177,177,CFM-ID,,,,,,,CASMI_MOL_1196973,CN(C)CCC(CSc1ccccc1)Nc1ccc(S(=O)(=O)NC(=O)c2ccc(N3CCN(Cc4ccccc4-c4ccc(Cl)cc4)CC3)cc2)cc1[N+](=O)[O-],C42H45ClN6O5S2,False,,native_unavailable,,CFM-ID native CASMI execution/export parser is unavailable in this repository run; fallback disabled.
CASMI2022,178,178,CFM-ID,,,,,,,CASMI_MOL_1196974,CC(C)=CCc1ccc2c(C(C=C(C)C)c3ccc4cc[nH]c4c3)c[nH]c2c1,C26H28N2,False,,native_unavailable,,CFM-ID native CASMI execution/export parser is unavailable in this repository run; fallback disabled.
CASMI2022,179,179,CFM-ID,,,,,,,CASMI_MOL_1196975,CC1C=CC2CCCCC2C1c1cc(NC(CCC(N)=O)C(=O)O)c(C=O)c(=O)o1,C22H28N2O6,False,,native_unavailable,,CFM-ID native CASMI execution/export parser is unavailable in this repository run; fallback disabled.
CASMI2022,180,180,CFM-ID,,,,,,,CASMI_MOL_1196976,COc1c2c(c(C)c3c1C(=O)OC3)OC1(C)CC(O)C34OC(OC)(CCC3(C)C1C2)OC4(C)CO,C26H34O9,False,,native_unavailable,,CFM-ID native CASMI execution/export parser is unavailable in this repository run; fallback disabled.
CASMI2022,181,181,CFM-ID,,,,,,,CASMI_MOL_1196915,CC1=C(C(=O)O)CC2(C)CCC3C(C)CCC132,C15H22O2,False,,native_unavailable,,CFM-ID native CASMI execution/export parser is unavailable in this repository run; fallback disabled.
CASMI2022,182,182,CFM-ID,,,,,,,CASMI_MOL_1196977,CC1CCC2(C(=O)OC3OC(CO)C(O)C(O)C3O)CCC3(C)C(=CCC4C5(C)CCC(O)C(C)(CO)C5CCC43C)C2C1(C)O,C36H58O10,False,,native_unavailable,,CFM-ID native CASMI execution/export parser is unavailable in this repository run; fallback disabled.
CASMI2022,183,183,CFM-ID,,,,,,,CASMI_MOL_1196931,CCCCC(O)C=CCC=CCCCC(=O)NC(CCC(=O)O)C(=O)O,C19H31NO6,False,,native_unavailable,,CFM-ID native CASMI execution/export parser is unavailable in this repository run; fallback disabled.
CASMI2022,184,184,CFM-ID,,,,,,,CASMI_MOL_1196978,COC1CC(OC2C(C)OC(OC3C(C)=CCC4CC(CC5(C=CC(C)C(C6CCCCC6)O5)O4)OC(=O)C4=CC(C)C(O)C5OCC(=CC=CC3C)C45O)CC2OC)OC(C)C1O,C50H74O14,False,,native_unavailable,,CFM-ID native CASMI execution/export parser is unavailable in this repository run; fallback disabled.
CASMI2022,185,185,CFM-ID,,,,,,,CASMI_MOL_1196979,COc1cc(C=CC(C)=O)ccc1O,C11H12O3,False,,native_unavailable,,CFM-ID native CASMI execution/export parser is unavailable in this repository run; fallback disabled.
CASMI2022,186,186,CFM-ID,,,,,,,CASMI_MOL_1196980,COC(=O)c1c(O)cc(OC)c(C)c1C(C)C(C)=O,C14H18O5,False,,native_unavailable,,CFM-ID native CASMI execution/export parser is unavailable in this repository run; fallback disabled.
CASMI2022,187,187,CFM-ID,,,,,,,CASMI_MOL_1196981,COc1ccc(-c2oc3c(OC)c(OC)cc(OC)c3c(=O)c2OC)cc1OC,C21H22O8,False,,native_unavailable,,CFM-ID native CASMI execution/export parser is unavailable in this repository run; fallback disabled.
CASMI2022,188,188,CFM-ID,,,,,,,CASMI_MOL_1196982,CC=C(C)C(=O)Oc1c(OC)c(OC)cc2c1-c1c(cc3c(c1OC)OCO3)CC(C)C(C)C2,C27H32O7,False,,native_unavailable,,CFM-ID native CASMI execution/export parser is unavailable in this repository run; fallback disabled.
CASMI2022,189,189,CFM-ID,,,,,,,CASMI_MOL_1196983,CN(C)C(=O)Oc1cc(OC(=O)N(C)C)cc(C(O)CNC(C)(C)C)c1,C18H29N3O5,False,,native_unavailable,,CFM-ID native CASMI execution/export parser is unavailable in this repository run; fallback disabled.
CASMI2022,190,190,CFM-ID,,,,,,,CASMI_MOL_1196940,Cc1c(O)cc(C2C(C)C=CC3CCCCC32)oc1=O,C17H22O3,False,,native_unavailable,,CFM-ID native CASMI execution/export parser is unavailable in this repository run; fallback disabled.
CASMI2022,191,191,CFM-ID,,,,,,,CASMI_MOL_1196908,CC1C2OC(C)(C)C(O)C2(O)OC2CC3(C)C4CCC5C(C)(C)C(=O)CCC56CC46CCC3(C)C21,C30H46O5,False,,native_unavailable,,CFM-ID native CASMI execution/export parser is unavailable in this repository run; fallback disabled.
CASMI2022,192,192,CFM-ID,,,,,,,CASMI_MOL_1196984,CC(=O)OC(C)(C)C1OC23OC1CC(C)C2C1(C)CCC24CC25CCC(OC2OCC(O)C(O)C2O)C(C)(C)C5CC=C4C1(C)C3O,C37H56O10,False,,native_unavailable,,CFM-ID native CASMI execution/export parser is unavailable in this repository run; fallback disabled.
CASMI2022,193,193,CFM-ID,,,,,,,CASMI_MOL_1196985,CCCCCc1cc2cc(O)cc(Oc3c(O)cc(OC)cc3CCCCC)c2c(=O)o1,C26H32O6,False,,native_unavailable,,CFM-ID native CASMI execution/export parser is unavailable in this repository run; fallback disabled.
CASMI2022,194,194,CFM-ID,,,,,,,CASMI_MOL_1196986,Nc1ccc(S(=O)(=O)Nc2ccnn2-c2ccccc2)cc1,C15H14N4O2S,False,,native_unavailable,,CFM-ID native CASMI execution/export parser is unavailable in this repository run; fallback disabled.
CASMI2022,195,195,CFM-ID,,,,,,,CASMI_MOL_1196987,CC(C)=CCc1c(O)cc(O)c2c(=O)c(OC3OC(C)C(O)C(O)C3OC3OC(CO)C(O)C(O)C3O)c(-c3ccc(O)cc3)oc12,C32H38O15,False,,native_unavailable,,CFM-ID native CASMI execution/export parser is unavailable in this repository run; fallback disabled.
CASMI2022,196,196,CFM-ID,,,,,,,CASMI_MOL_1196988,CC1(CCCC=CCC=CCCCC(=O)NC(CCC(=O)O)C(=O)O)NC(=O)c2ccccc2N1,C26H35N3O6,False,,native_unavailable,,CFM-ID native CASMI execution/export parser is unavailable in this repository run; fallback disabled.
CASMI2022,197,197,CFM-ID,,,,,,,CASMI_MOL_1196989,CCC(C)CCCCCCCCCCC(=O)OCC(O)CO[PH](=O)(=O)OCC(O)COC1OC(COC2OC(CO)C(O)C(O)C2O)C(O)C(O)C1O,,False,,native_unavailable,,CFM-ID native CASMI execution/export parser is unavailable in this repository run; fallback disabled.
CASMI2022,198,198,CFM-ID,,,,,,,CASMI_MOL_1196990,C=CC(C)(O)CC=CC(CO)C(=O)OC,C11H18O4,False,,native_unavailable,,CFM-ID native CASMI execution/export parser is unavailable in this repository run; fallback disabled.
CASMI2022,199,199,CFM-ID,,,,,,,CASMI_MOL_1196991,Cc1cc(NC(=O)C2C(=O)c3ccccc3S(=O)(=O)N2C)no1,C14H13N3O5S,False,,native_unavailable,,CFM-ID native CASMI execution/export parser is unavailable in this repository run; fallback disabled.
CASMI2022,200,200,CFM-ID,,,,,,,CASMI_MOL_1196992,CC1OC(OC2C(OC3C(OC4CCC5(C)C(CCC6(C)C5CC=C5C7CC(C)(CO)CC(O)C7(C)CCC56C)C4(C)CO)OC(C(=O)O)C(O)C3O)OC(CO)C(O)C2O)C(O)C(O)C1O,C48H78O19,False,,native_unavailable,,CFM-ID native CASMI execution/export parser is unavailable in this repository run; fallback disabled.
CASMI2022,201,201,CFM-ID,,,,,,,CASMI_MOL_1196993,CC1(C)C=Cc2c(c(O)c3c(O)cccc3c2O)O1,C15H14O4,False,,native_unavailable,,CFM-ID native CASMI execution/export parser is unavailable in this repository run; fallback disabled.
CASMI2022,202,202,CFM-ID,,,,,,,CASMI_MOL_1196994,CCCC=CCOC1OC(CO)C(O)C(O)C1O,C12H22O6,False,,native_unavailable,,CFM-ID native CASMI execution/export parser is unavailable in this repository run; fallback disabled.
CASMI2022,203,203,CFM-ID,,,,,,,CASMI_MOL_1196889,CCC(O)CCC=CCC=CC(O)C(O)CCCCCC(=O)O,C18H32O5,False,,native_unavailable,,CFM-ID native CASMI execution/export parser is unavailable in this repository run; fallback disabled.
CASMI2022,204,204,CFM-ID,,,,,,,CASMI_MOL_1196995,CC=C(C)C(=O)OC1c2cc(OC)c(OC)c(OC)c2-c2c(cc(OC)c(OC)c2OC)CC(C)C1(C)O,C29H38O9,False,,native_unavailable,,CFM-ID native CASMI execution/export parser is unavailable in this repository run; fallback disabled.
CASMI2022,205,205,CFM-ID,,,,,,,CASMI_MOL_1196996,CC(=O)OC1Cc2ccccc2N(C(N)=O)c2ccccc21,C17H16N2O3,False,,native_unavailable,,CFM-ID native CASMI execution/export parser is unavailable in this repository run; fallback disabled.
CASMI2022,206,206,CFM-ID,,,,,,,CASMI_MOL_1196927,COc1cc2c(cc1O)CCc1cc(O)cc(OC)c1-2,C16H16O4,False,,native_unavailable,,CFM-ID native CASMI execution/export parser is unavailable in this repository run; fallback disabled.
CASMI2022,207,207,CFM-ID,,,,,,,CASMI_MOL_1196997,CC=CC1Oc2c(C)oc(O)c2C(O)C1O,C11H14O5,False,,native_unavailable,,CFM-ID native CASMI execution/export parser is unavailable in this repository run; fallback disabled.
CASMI2022,208,208,CFM-ID,,,,,,,CASMI_MOL_1196916,C=CC(=C)CC=CC(CCC=C(C)C)C(=O)O,C15H22O2,False,,native_unavailable,,CFM-ID native CASMI execution/export parser is unavailable in this repository run; fallback disabled.
CASMI2022,209,209,CFM-ID,,,,,,,CASMI_MOL_1196904,COc1cc(CCc2cccc(O)c2)cc(O)c1OC,C16H18O4,False,,native_unavailable,,CFM-ID native CASMI execution/export parser is unavailable in this repository run; fallback disabled.
CASMI2022,210,210,CFM-ID,,,,,,,CASMI_MOL_1196998,COc1cc(C=CC(N)=O)ccc1O,C10H11NO3,False,,native_unavailable,,CFM-ID native CASMI execution/export parser is unavailable in this repository run; fallback disabled.
CASMI2022,211,211,CFM-ID,,,,,,,CASMI_MOL_1196999,O=C1CCCC2C3CCC[N+]4([O-])CCCC(CN12)C34,C15H24N2O2,False,,native_unavailable,,CFM-ID native CASMI execution/export parser is unavailable in this repository run; fallback disabled.
CASMI2022,212,212,CFM-ID,,,,,,,CASMI_MOL_1197000,CC(C)CNC(=O)CC(O)c1ccccc1,C13H19NO2,False,,native_unavailable,,CFM-ID native CASMI execution/export parser is unavailable in this repository run; fallback disabled.
CASMI2022,213,213,CFM-ID,,,,,,,CASMI_MOL_1197001,COc1cc2c(c(O)c1OC)-c1c(cc(OC)c(OC)c1OC)CC(C)C(C)C2,C23H30O6,False,,native_unavailable,,CFM-ID native CASMI execution/export parser is unavailable in this repository run; fallback disabled.
CASMI2022,214,214,CFM-ID,,,,,,,CASMI_MOL_1197002,COC(=O)c1cccc2oc3cccc(O)c3c(=O)c12,C15H10O5,False,,native_unavailable,,CFM-ID native CASMI execution/export parser is unavailable in this repository run; fallback disabled.
CASMI2022,215,215,CFM-ID,,,,,,,CASMI_MOL_1197003,C=C1CC=CC(CO)C(=O)C=CC(C)(COC(C)=O)CC1O,C17H24O5,False,,native_unavailable,,CFM-ID native CASMI execution/export parser is unavailable in this repository run; fallback disabled.
CASMI2022,216,216,CFM-ID,,,,,,,CASMI_MOL_1197004,CC1(C)CCc2oc(=O)c3cccc(O)c3c(=O)c2O1,C15H14O5,False,,native_unavailable,,CFM-ID native CASMI execution/export parser is unavailable in this repository run; fallback disabled.
CASMI2022,217,217,CFM-ID,,,,,,,CASMI_MOL_1197005,CCCCCCC(O)CC(=O)OC(CCCCCC)CC(=O)OC,C19H36O5,False,,native_unavailable,,CFM-ID native CASMI execution/export parser is unavailable in this repository run; fallback disabled.
CASMI2022,218,218,CFM-ID,,,,,,,CASMI_MOL_1197006,O=C(NCc1cccnc1)Nc1ccc([N+](=O)[O-])cc1,C13H12N4O3,False,,native_unavailable,,CFM-ID native CASMI execution/export parser is unavailable in this repository run; fallback disabled.
CASMI2022,219,219,CFM-ID,,,,,,,CASMI_MOL_1197007,CC(C)CCCCCCCCC(=O)NC(CC(=O)O)C(N)=O,C16H30N2O4,False,,native_unavailable,,CFM-ID native CASMI execution/export parser is unavailable in this repository run; fallback disabled.
CASMI2022,220,220,CFM-ID,,,,,,,CASMI_MOL_1196917,CC1(C)CCC=C2C=CC(C(=O)O)CCC21C,C15H22O2,False,,native_unavailable,,CFM-ID native CASMI execution/export parser is unavailable in this repository run; fallback disabled.
CASMI2022,221,221,CFM-ID,,,,,,,CASMI_MOL_1197008,C=C(C(=O)O)C1(O)CC2(C)C(=CC1=O)C=CC(OC(=O)C=CC=CC(C)CC)C2C,C24H30O6,False,,native_unavailable,,CFM-ID native CASMI execution/export parser is unavailable in this repository run; fallback disabled.
CASMI2022,222,222,CFM-ID,,,,,,,CASMI_MOL_1197009,COC(=O)C(C)CCCC(C)=CCc1c(OC)c(C)c2coc(O)c2c1O,C21H28O6,False,,native_unavailable,,CFM-ID native CASMI execution/export parser is unavailable in this repository run; fallback disabled.
CASMI2022,223,223,CFM-ID,,,,,,,CASMI_MOL_1197010,CCC(C)=CC(C)=CCC(=O)OC1=CC=C2CC(=O)C(=O)CC2(C)C1C,C22H28O4,False,,native_unavailable,,CFM-ID native CASMI execution/export parser is unavailable in this repository run; fallback disabled.
CASMI2022,224,224,CFM-ID,,,,,,,CASMI_MOL_1197011,O=[N+]([O-])NC1=NCCN1Cc1ccc(Cl)nc1,C9H10ClN5O2,False,,native_unavailable,,CFM-ID native CASMI execution/export parser is unavailable in this repository run; fallback disabled.
CASMI2022,225,225,CFM-ID,,,,,,,CASMI_MOL_1197012,COc1c(O)c(OC)c2oc(-c3ccccc3O)cc(=O)c2c1O,C17H14O7,False,,native_unavailable,,CFM-ID native CASMI execution/export parser is unavailable in this repository run; fallback disabled.
CASMI2022,226,226,CFM-ID,,,,,,,CASMI_MOL_1197013,CC1CCC2C(C)C(NC(=O)C3OC3C)OC(=O)C12,C14H21NO4,False,,native_unavailable,,CFM-ID native CASMI execution/export parser is unavailable in this repository run; fallback disabled.
CASMI2022,227,227,CFM-ID,,,,,,,CASMI_MOL_1197014,CC(C)C(C)C=CC(C)C1CCC2C3=C(CCC21C)C1(C)CCC(O)C=C1CC3=O,C28H42O2,False,,native_unavailable,,CFM-ID native CASMI execution/export parser is unavailable in this repository run; fallback disabled.
CASMI2022,228,228,CFM-ID,,,,,,,CASMI_MOL_1196957,Oc1ccc(C2COc3cc(O)ccc3C2)cc1,C15H14O3,False,,native_unavailable,,CFM-ID native CASMI execution/export parser is unavailable in this repository run; fallback disabled.
